KBL,Afghanistan,Kabul,FALSE,NULL,FALSE,NULL
TIA,Albania,Tirana,FALSE,NULL,FALSE,NULL
AAE,Algeria,Annaba,FALSE,NULL,FALSE,NULL
ALG,Algeria,Algiers,FALSE,NULL,FALSE,NULL
PPG,American Samoa,"Pago Pago, Tutuila",FALSE,NULL,FALSE,NULL
BUG,Angola,Benguela,FALSE,NULL,FALSE,NULL
LAD,Angola,Luanda,FALSE,NULL,FALSE,NULL
AXA,Anguilla,The Valley,FALSE,NULL,FALSE,NULL
ANU,Antigua,St. John's,FALSE,NULL,FALSE,NULL
BRC,Argentina,San Carlos de Bariloche,FALSE,NULL,FALSE,NULL
COR,Argentina,Cordoba,FALSE,NULL,FALSE,NULL
EZE,Argentina,Buenos Aires,FALSE,NULL,FALSE,NULL
FTE,Argentina,El Calafate,FALSE,NULL,FALSE,NULL
MDZ,Argentina,Mendoza,FALSE,NULL,FALSE,NULL
RSA,Argentina,Santa Rosa,FALSE,NULL,FALSE,NULL
USH,Argentina,"Ushuaia, Tierra del Fuego",FALSE,NULL,FALSE,NULL
EVN,Armenia,Yerevan,FALSE,NULL,FALSE,NULL
AUA,Aruba,Oranjestad,FALSE,NULL,FALSE,NULL
ABX,Australia,"Albury, N.S.W.",FALSE,NULL,FALSE,NULL
ADL,Australia,"Adelaide, S.A.",FALSE,NULL,FALSE,NULL
ARM,Australia,"Armidale, N.S.W.",FALSE,NULL,FALSE,NULL
ASP,Australia,"Alice Springs, N.T.",FALSE,NULL,FALSE,NULL
AVV,Australia,"Melbourne, Vic.",FALSE,NULL,FALSE,NULL
AYQ,Australia,"Ayers Rock, N.T.",FALSE,NULL,FALSE,NULL
BDB,Australia,"Bundaberg, Qld.",FALSE,NULL,FALSE,NULL
BHQ,Australia,"Broken Hill, N.S.W.",FALSE,NULL,FALSE,NULL
BHS,Australia,"Bathurst, N.S.W.",FALSE,NULL,FALSE,NULL
BME,Australia,"Broome, W.A.",FALSE,NULL,FALSE,NULL
BNE,Australia,"Brisbane, Qld.",FALSE,NULL,FALSE,NULL
BNK,Australia,"Ballina, N.S.W.",FALSE,NULL,FALSE,NULL
CBR,Australia,"Canberra, A.C.T.",FALSE,NULL,FALSE,NULL
CED,Australia,"Ceduna, S.A.",FALSE,NULL,FALSE,NULL
CFS,Australia,"Coffs Harbour, N.S.W.",FALSE,NULL,FALSE,NULL
CNS,Australia,"Cairns, Qld.",FALSE,NULL,FALSE,NULL
CPD,Australia,"Coober Pedy, S.A.",FALSE,NULL,FALSE,NULL
CTL,Australia,"Charleville, Qld.",FALSE,NULL,FALSE,NULL
DBO,Australia,"Dubbo, N.S.W.",FALSE,NULL,FALSE,NULL
DPO,Australia,"Devonport, Tas.",FALSE,NULL,FALSE,NULL
DRW,Australia,"Darwin, N.T.",FALSE,NULL,FALSE,NULL
EMD,Australia,"Emerald, Qld.",FALSE,NULL,FALSE,NULL
GFF,Australia,"Griffith, N.S.W.",FALSE,NULL,FALSE,NULL
GLT,Australia,"Gladstone, Qld.",FALSE,NULL,FALSE,NULL
GOV,Australia,"Gove, N.T.",FALSE,NULL,FALSE,NULL
HBA,Australia,"Hobart, Tas.",FALSE,NULL,FALSE,NULL
HID,Australia,"Horn Island, Qld.",FALSE,NULL,FALSE,NULL
HTI,Australia,"Hamilton Island, Whitsunday Island, Qld.",FALSE,NULL,FALSE,NULL
ISA,Australia,"Mount Isa, Qld.",FALSE,NULL,FALSE,NULL
KGC,Australia,"Kingscote, Kangaroo Island, S.A.",FALSE,NULL,FALSE,NULL
KGI,Australia,"Kalgoorlie, W.A.",FALSE,NULL,FALSE,NULL
KTA,Australia,"Karratha, W.A.",FALSE,NULL,FALSE,NULL
LRE,Australia,"Longreach, Qld.",FALSE,NULL,FALSE,NULL
LST,Australia,"Launceston, Tas.",FALSE,NULL,FALSE,NULL
MCY,Australia,"Maroochydore, Qld.",FALSE,NULL,FALSE,NULL
MEL,Australia,"Melbourne, Vic.",FALSE,NULL,FALSE,NULL
MGB,Australia,"Mount Gambier, S.A.",FALSE,NULL,FALSE,NULL
MIM,Australia,"Merimbula, N.S.W.",FALSE,NULL,FALSE,NULL
MKY,Australia,"Mackay, Qld.",FALSE,NULL,FALSE,NULL
MQL,Australia,"Mildura, Vic.",FALSE,NULL,FALSE,NULL
MRZ,Australia,"Moree, N.S.W.",FALSE,NULL,FALSE,NULL
MYA,Australia,"Moruya, N.S.W.",FALSE,NULL,FALSE,NULL
NAA,Australia,"Narrabri, N.S.W.",FALSE,NULL,FALSE,NULL
NRA,Australia,"Narrandera, N.S.W.",FALSE,NULL,FALSE,NULL
NTL,Australia,"Newcastle, N.S.W.",FALSE,NULL,FALSE,NULL
OAG,Australia,"Orange, N.S.W.",FALSE,NULL,FALSE,NULL
OLP,Australia,"Olympic Dam, S.A.",FALSE,NULL,FALSE,NULL
OOL,Australia,"Gold Coast, Qld.",FALSE,NULL,FALSE,NULL
PBO,Australia,"Paraburdoo, W.A.",FALSE,NULL,FALSE,NULL
PER,Australia,"Perth, W.A.",FALSE,NULL,FALSE,NULL
PHE,Australia,"Port Hedland, W.A.",FALSE,NULL,FALSE,NULL
PKE,Australia,"Parkes, N.S.W.",FALSE,NULL,FALSE,NULL
PLO,Australia,"Port Lincoln, S.A.",FALSE,NULL,FALSE,NULL
PPP,Australia,"Proserpine, Qld.",FALSE,NULL,FALSE,NULL
PQQ,Australia,"Port Macquarie, N.S.W.",FALSE,NULL,FALSE,NULL
PTJ,Australia,"Portland, Vic.",FALSE,NULL,FALSE,NULL
RMA,Australia,"Roma, Qld.",FALSE,NULL,FALSE,NULL
ROK,Australia,"Rockhampton, Qld.",FALSE,NULL,FALSE,NULL
SYD,Australia,"Sydney, N.S.W.",FALSE,NULL,FALSE,NULL
TMW,Australia,"Tamworth, N.S.W.",FALSE,NULL,FALSE,NULL
TSV,Australia,"Townsville, Qld.",FALSE,NULL,FALSE,NULL
WEI,Australia,"Weipa, Qld.",FALSE,NULL,FALSE,NULL
WGA,Australia,"Wagga-Wagga, N.S.W.",FALSE,NULL,FALSE,NULL
WYA,Australia,"Whyalla, S.A.",FALSE,NULL,FALSE,NULL
ZNE,Australia,"Newman, W.A.",FALSE,NULL,FALSE,NULL
GRZ,Austria,Graz,FALSE,NULL,FALSE,NULL
INN,Austria,Innsbruck,FALSE,NULL,FALSE,NULL
KLU,Austria,Klagenfurt,FALSE,NULL,FALSE,NULL
LNZ,Austria,Linz,FALSE,NULL,FALSE,NULL
SZG,Austria,Salzburg,FALSE,NULL,FALSE,NULL
VIE,Austria,Vienna,FALSE,NULL,FALSE,NULL
BAK,Azerbaijan,Baku,FALSE,NULL,FALSE,NULL
GYD,Azerbaijan,Baku,FALSE,NULL,FALSE,NULL
PDL,Azores,"Ponta Delgada, Sao Miguel Island",FALSE,NULL,FALSE,NULL
TER,Azores,"Angra do Heroismo, Terceira Island",FALSE,NULL,FALSE,NULL
ASD,Bahamas,Andros Town,FALSE,NULL,FALSE,NULL
ELH,Bahamas,North Eleuthera,FALSE,NULL,FALSE,NULL
FPO,Bahamas,"Freeport, Grand Bahama Island",FALSE,NULL,FALSE,NULL
GGT,Bahamas,"George Town, Great Exuma Island",FALSE,NULL,FALSE,NULL
GHB,Bahamas,"Governor's Harbour, Eleuthera Island",FALSE,NULL,FALSE,NULL
LGI,Bahamas,"Deadmans Cay, Long Island",FALSE,NULL,FALSE,NULL
MAY,Bahamas,"Mangrove Cay, Andros Island",FALSE,NULL,FALSE,NULL
MHH,Bahamas,"Marsh Harbour, Abaco Island",FALSE,NULL,FALSE,NULL
NAS,Bahamas,Nassau,FALSE,NULL,FALSE,NULL
NSB,Bahamas,"Alice Town, North Bimini Island",FALSE,NULL,FALSE,NULL
PID,Bahamas,Nassau,FALSE,NULL,FALSE,NULL
RSD,Bahamas,Rock Sound,FALSE,NULL,FALSE,NULL
SAQ,Bahamas,San Andros,FALSE,NULL,FALSE,NULL
SML,Bahamas,"Stella Maris, Long Island",FALSE,NULL,FALSE,NULL
TCB,Bahamas,"Treasure Cay, Abaco Island",FALSE,NULL,FALSE,NULL
TZN,Bahamas,South Andros,FALSE,NULL,FALSE,NULL
ZSA,Bahamas,"Cockburn Town, San Salvador Island",FALSE,NULL,FALSE,NULL
BAH,Bahrain,Manama,FALSE,NULL,FALSE,NULL
BZL,Bangladesh,Barisal,FALSE,NULL,FALSE,NULL
DAC,Bangladesh,Dhaka,FALSE,NULL,FALSE,NULL
BGI,Barbados,Bridgetown,FALSE,NULL,FALSE,NULL
MHP,Belarus,Minsk,FALSE,NULL,FALSE,NULL
MSQ,Belarus,Minsk,FALSE,NULL,FALSE,NULL
ANR,Belgium,Antwerp,FALSE,NULL,FALSE,NULL
BRU,Belgium,Brussels,FALSE,NULL,FALSE,NULL
BZE,Belize,Belize City,FALSE,NULL,FALSE,NULL
DGA,Belize,Dangriga,FALSE,NULL,FALSE,NULL
PLJ,Belize,Placencia,FALSE,NULL,FALSE,NULL
PND,Belize,Punta Gorda,FALSE,NULL,FALSE,NULL
BDA,Bermuda,Hamilton,FALSE,NULL,FALSE,NULL
LPB,Bolivia,La Paz,FALSE,NULL,FALSE,NULL
BON,Bonaire,Kralendijk,FALSE,NULL,FALSE,NULL
SJJ,Bosnia and Herzegovina,Sarajevo,FALSE,NULL,FALSE,NULL
BAU,Brazil,Bauru,FALSE,NULL,FALSE,NULL
BEL,Brazil,Belem,FALSE,NULL,FALSE,NULL
BSB,Brazil,Brasilia,FALSE,NULL,FALSE,NULL
CGH,Brazil,Sao Paulo,FALSE,NULL,FALSE,NULL
CNF,Brazil,Belo Horizonte,FALSE,NULL,FALSE,NULL
CWB,Brazil,Curitiba,FALSE,NULL,FALSE,NULL
FEN,Brazil,Fernando de Noronha,FALSE,NULL,FALSE,NULL
GIG,Brazil,Rio de Janeiro,FALSE,NULL,FALSE,NULL
GRU,Brazil,Sao Paulo,FALSE,NULL,FALSE,NULL
MAO,Brazil,Manaus,FALSE,NULL,FALSE,NULL
MII,Brazil,Marilia,FALSE,NULL,FALSE,NULL
PMW,Brazil,Palmas,FALSE,NULL,FALSE,NULL
POA,Brazil,Porto Alegre,FALSE,NULL,FALSE,NULL
REC,Brazil,Recife,FALSE,NULL,FALSE,NULL
RIO,Brazil,Rio de Janeiro,FALSE,NULL,FALSE,NULL
SAO,Brazil,Sao Paulo,FALSE,NULL,FALSE,NULL
SDU,Brazil,Rio de Janeiro,FALSE,NULL,FALSE,NULL
SJP,Brazil,Sao Jose So Rio Preto,FALSE,NULL,FALSE,NULL
SSA,Brazil,Salvador,FALSE,NULL,FALSE,NULL
UNA,Brazil,Una,FALSE,NULL,FALSE,NULL
EIS,British Virgin Islands,"Beef Island, Tortola",FALSE,NULL,FALSE,NULL
BWN,Brunei,Bandar Seri Begawan,FALSE,NULL,FALSE,NULL
SOF,Bulgaria,Sofia,FALSE,NULL,FALSE,NULL
VAR,Bulgaria,Varna,FALSE,NULL,FALSE,NULL
OUA,Burkina Faso,Ouagadougou,FALSE,NULL,FALSE,NULL
BJM,Burundi,Bujumbura,FALSE,NULL,FALSE,NULL
PNH,Cambodia,Phnom Penh,FALSE,NULL,FALSE,NULL
DLA,Cameroon,Douala,FALSE,NULL,FALSE,NULL
NSI,Cameroon,Yaounde,FALSE,NULL,FALSE,NULL
YAO,Cameroon,Yaounde,FALSE,NULL,FALSE,NULL
YAA,Canada,"Anahim Lake, BC",FALSE,NULL,FALSE,NULL
YAM,Canada,"Sault Ste. Marie, ON",FALSE,NULL,FALSE,NULL
YBC,Canada,"Baie-Comeau, PQ",FALSE,NULL,FALSE,NULL
YBG,Canada,"Bagotville, PQ",FALSE,NULL,FALSE,NULL
YBL,Canada,"Campbell River, BC",FALSE,NULL,FALSE,NULL
YCD,Canada,"Nanaimo, BC",FALSE,NULL,FALSE,NULL
YCG,Canada,"Castlegar, BC",FALSE,NULL,FALSE,NULL
YDF,Canada,"Deer Lake, NF",FALSE,NULL,FALSE,NULL
YEG,Canada,"Edmonton, AB",FALSE,NULL,FALSE,NULL
YEK,Canada,"Arviat, NWT",FALSE,NULL,FALSE,NULL
YFB,Canada,"Iqaluit, Nunavut",FALSE,NULL,FALSE,NULL
YFC,Canada,"Fredericton, NB",FALSE,NULL,FALSE,NULL
YFO,Canada,"Flin Flon, MB",FALSE,NULL,FALSE,NULL
YGK,Canada,"Kingston, ON",FALSE,NULL,FALSE,NULL
YGP,Canada,"Gaspe, PQ",FALSE,NULL,FALSE,NULL
YGR,Canada,"Cap-aux-Meules, Magdalens Islands, PQ",FALSE,NULL,FALSE,NULL
YHD,Canada,"Dryden, ON",FALSE,NULL,FALSE,NULL
YHM,Canada,"Hamilton, ON",FALSE,NULL,FALSE,NULL
YHZ,Canada,"Halifax, NS",FALSE,NULL,FALSE,NULL
YKA,Canada,"Kamloops, BC",FALSE,NULL,FALSE,NULL
YLW,Canada,"Kelowna, BC",FALSE,NULL,FALSE,NULL
YMM,Canada,"Fort McMurray, AB",FALSE,NULL,FALSE,NULL
YMQ,Canada,"Montreal, PQ",FALSE,NULL,FALSE,NULL
YMT,Canada,"Chibougamau, PQ",FALSE,NULL,FALSE,NULL
YOW,Canada,"Ottawa, ON",FALSE,NULL,FALSE,NULL
YPR,Canada,"Prince Rupert, BC",FALSE,NULL,FALSE,NULL
YPW,Canada,"Powell River, BC",FALSE,NULL,FALSE,NULL
YQB,Canada,"Quebec, PQ",FALSE,NULL,FALSE,NULL
YQG,Canada,"Windsor, ON",FALSE,NULL,FALSE,NULL
YQK,Canada,"Kenora, ON",FALSE,NULL,FALSE,NULL
YQL,Canada,"Lethbridge, AB",FALSE,NULL,FALSE,NULL
YQM,Canada,"Moncton, NB",FALSE,NULL,FALSE,NULL
YQR,Canada,"Regina, SK",FALSE,NULL,FALSE,NULL
YQT,Canada,"Thunder Bay, ON",FALSE,NULL,FALSE,NULL
YQU,Canada,"Grande Prairie, AB",FALSE,NULL,FALSE,NULL
YQX,Canada,"Gander, NF",FALSE,NULL,FALSE,NULL
YQY,Canada,"Sydney, Cape Breton Island, NS",FALSE,NULL,FALSE,NULL
YQZ,Canada,"Quesnel, BC",FALSE,NULL,FALSE,NULL
YRJ,Canada,"Roberval, PQ",FALSE,NULL,FALSE,NULL
YRL,Canada,"Red Lake, ON",FALSE,NULL,FALSE,NULL
YRT,Canada,"Rankin Inlet, NWT",FALSE,NULL,FALSE,NULL
YSB,Canada,"Sudbury, ON",FALSE,NULL,FALSE,NULL
YSJ,Canada,"Saint John, NB",FALSE,NULL,FALSE,NULL
YSM,Canada,"Fort Smith, NWT",FALSE,NULL,FALSE,NULL
YTH,Canada,"Thompson, MB",FALSE,NULL,FALSE,NULL
YTO,Canada,"Toronto, ON",FALSE,NULL,FALSE,NULL
YTS,Canada,"Timmins, ON",FALSE,NULL,FALSE,NULL
YTZ,Canada,"Toronto, ON",FALSE,NULL,FALSE,NULL
YUL,Canada,"Montreal, PQ",FALSE,NULL,FALSE,NULL
YUY,Canada,"Rouyn-Noranda, PQ",FALSE,NULL,FALSE,NULL
YVO,Canada,"Val-d'Or, PQ",FALSE,NULL,FALSE,NULL
YVR,Canada,"Vancouver, BC",FALSE,NULL,FALSE,NULL
YWG,Canada,"Winnipeg, MB",FALSE,NULL,FALSE,NULL
YWK,Canada,"Wabush, Labrador, NF",FALSE,NULL,FALSE,NULL
YWL,Canada,"Williams Lake, BC",FALSE,NULL,FALSE,NULL
YXC,Canada,"Cranbrook, BC",FALSE,NULL,FALSE,NULL
YXE,Canada,"Saskatoon, SK",FALSE,NULL,FALSE,NULL
YXH,Canada,"Medicine Hat, AB",FALSE,NULL,FALSE,NULL
YXJ,Canada,"Fort Saint John, BC",FALSE,NULL,FALSE,NULL
YXL,Canada,"Sioux Lookout, ON",FALSE,NULL,FALSE,NULL
YXS,Canada,"Prince George, BC",FALSE,NULL,FALSE,NULL
YXT,Canada,"Terrace, BC",FALSE,NULL,FALSE,NULL
YXU,Canada,"London, ON",FALSE,NULL,FALSE,NULL
YXX,Canada,"Abbotsford, BC",FALSE,NULL,FALSE,NULL
YXY,Canada,"Whitehorse, YT",FALSE,NULL,FALSE,NULL
YYB,Canada,"North Bay, ON",FALSE,NULL,FALSE,NULL
YYC,Canada,"Calgary, AB",FALSE,NULL,FALSE,NULL
YYD,Canada,"Smithers, BC",FALSE,NULL,FALSE,NULL
YYE,Canada,"Fort Nelson, BC",FALSE,NULL,FALSE,NULL
YYF,Canada,"Penticton, BC",FALSE,NULL,FALSE,NULL
YYG,Canada,"Charlottetown, PEI",FALSE,NULL,FALSE,NULL
YYJ,Canada,"Victoria, BC",FALSE,NULL,FALSE,NULL
YYQ,Canada,"Churchill, MB",FALSE,NULL,FALSE,NULL
YYT,Canada,"St. John's, NF",FALSE,NULL,FALSE,NULL
YYY,Canada,"Mont-Joli, PQ",FALSE,NULL,FALSE,NULL
YYZ,Canada,"Toronto, ON",FALSE,NULL,FALSE,NULL
YZF,Canada,"Yellowknife, NWT",FALSE,NULL,FALSE,NULL
YZP,Canada,"Sandspit, Queen Charlotte Islands, BC",FALSE,NULL,FALSE,NULL
YZR,Canada,"Sarnia, ON",FALSE,NULL,FALSE,NULL
YZT,Canada,"Port Hardy, BC",FALSE,NULL,FALSE,NULL
YZV,Canada,"Sept-Iles, PQ",FALSE,NULL,FALSE,NULL
ACE,Canary Islands,"Arrecife, Lanzarote Island",FALSE,NULL,FALSE,NULL
FUE,Canary Islands,"Puerto del Rosario, Fuerteventura Island",FALSE,NULL,FALSE,NULL
LPA,Canary Islands,"Las Palmas, Grand Canary Island",FALSE,NULL,FALSE,NULL
TCI,Canary Islands,Tenerife Island,FALSE,NULL,FALSE,NULL
TFN,Canary Islands,Santa Cruz de Tenerife,FALSE,NULL,FALSE,NULL
TFS,Canary Islands,Tenerife Island,FALSE,NULL,FALSE,NULL
TVI,Canary Islands,Tenerife Island,FALSE,NULL,FALSE,NULL
SID,Cape Verde,"Santa Maria, Sal Island",FALSE,NULL,FALSE,NULL
CYB,Cayman Islands,Cayman Brac,FALSE,NULL,FALSE,NULL
GCM,Cayman Islands,"Georgetown, Grand Cayman Island",FALSE,NULL,FALSE,NULL
BGF,Central African Republic,Bangui,FALSE,NULL,FALSE,NULL
NDJ,Chad,N'Djamena,FALSE,NULL,FALSE,NULL
GCI,Channel Islands,Guernsey,FALSE,NULL,FALSE,NULL
JER,Channel Islands,Jersey,FALSE,NULL,FALSE,NULL
ANF,Chile,Antofagasta,FALSE,NULL,FALSE,NULL
ARI,Chile,Arica,FALSE,NULL,FALSE,NULL
BBA,Chile,Balmaceda,FALSE,NULL,FALSE,NULL
CCP,Chile,Concepcion,FALSE,NULL,FALSE,NULL
CPO,Chile,Copiapo,FALSE,NULL,FALSE,NULL
ESR,Chile,El Salvador,FALSE,NULL,FALSE,NULL
IPC,Chile,"Hanga Roa, Easter Island",FALSE,NULL,FALSE,NULL
LSC,Chile,La Serena,FALSE,NULL,FALSE,NULL
PMC,Chile,Puerto Montt,FALSE,NULL,FALSE,NULL
PUQ,Chile,"Punta Arenas, Tierra del Fuego",FALSE,NULL,FALSE,NULL
SCL,Chile,Santiago,FALSE,NULL,FALSE,NULL
ZAL,Chile,Valdivia,FALSE,NULL,FALSE,NULL
ZCO,Chile,Temuco,FALSE,NULL,FALSE,NULL
ZOS,Chile,Osorno,FALSE,NULL,FALSE,NULL
ZPC,Chile,Pucon,FALSE,NULL,FALSE,NULL
BJS,China,Beijing,FALSE,NULL,FALSE,NULL
BPX,China,Bangda,FALSE,NULL,FALSE,NULL
CAN,China,Guangzhou,FALSE,NULL,FALSE,NULL
CGO,China,Zhengzhou,FALSE,NULL,FALSE,NULL
CGQ,China,Changchun,FALSE,NULL,FALSE,NULL
CKG,China,Chongqing,FALSE,NULL,FALSE,NULL
CSX,China,Changsha,FALSE,NULL,FALSE,NULL
CTU,China,Chengdu,FALSE,NULL,FALSE,NULL
DLC,China,Dalian,FALSE,NULL,FALSE,NULL
DLU,China,Dali City,FALSE,NULL,FALSE,NULL
DYG,China,Dayong,FALSE,NULL,FALSE,NULL
FOC,China,Fuzhou,FALSE,NULL,FALSE,NULL
HAK,China,"Haikou, Hainan Island",FALSE,NULL,FALSE,NULL
HET,China,Hohhot,FALSE,NULL,FALSE,NULL
HFE,China,Hefei,FALSE,NULL,FALSE,NULL
HGH,China,Hangzhou,FALSE,NULL,FALSE,NULL
HKG,China,Hong Kong,FALSE,NULL,FALSE,NULL
HLD,China,Hailar,FALSE,NULL,FALSE,NULL
HRB,China,Harbin,FALSE,NULL,FALSE,NULL
HSN,China,Zhoushan,FALSE,NULL,FALSE,NULL
JMU,China,Jiamusi,FALSE,NULL,FALSE,NULL
JZH,China,Songpan Jiuzhai Huanglong,FALSE,NULL,FALSE,NULL
KHG,China,Kashi,FALSE,NULL,FALSE,NULL
KHN,China,Nanchang,FALSE,NULL,FALSE,NULL
KMG,China,Kunming,FALSE,NULL,FALSE,NULL
KWL,China,Guilin,FALSE,NULL,FALSE,NULL
LHW,China,Lanzhou,FALSE,NULL,FALSE,NULL
LJG,China,Lijiang City,FALSE,NULL,FALSE,NULL
LNJ,China,Lincang,FALSE,NULL,FALSE,NULL
LXA,China,"Lhasa, Tibet",FALSE,NULL,FALSE,NULL
MDG,China,Mudanjiang,FALSE,NULL,FALSE,NULL
MIG,China,Mian Yang,FALSE,NULL,FALSE,NULL
NGB,China,Ningbo,FALSE,NULL,FALSE,NULL
NKG,China,Nanjing,FALSE,NULL,FALSE,NULL
NNG,China,Nanning,FALSE,NULL,FALSE,NULL
PVG,China,Shanghai,FALSE,NULL,FALSE,NULL
SHA,China,Shanghai,FALSE,NULL,FALSE,NULL
SHE,China,Shenyang,FALSE,NULL,FALSE,NULL
SJW,China,Shijiazhuang,FALSE,NULL,FALSE,NULL
SWA,China,Shantou,FALSE,NULL,FALSE,NULL
SYX,China,Sanya,FALSE,NULL,FALSE,NULL
SZX,China,Shenzhen,FALSE,NULL,FALSE,NULL
TAO,China,Qingdao,FALSE,NULL,FALSE,NULL
TEN,China,Tongren,FALSE,NULL,FALSE,NULL
TSN,China,Tianjin,FALSE,NULL,FALSE,NULL
TYN,China,Taiyuan,FALSE,NULL,FALSE,NULL
URC,China,"Urumqi, Sinkiang",FALSE,NULL,FALSE,NULL
WUH,China,Wuhan,FALSE,NULL,FALSE,NULL
XIC,China,Xichang,FALSE,NULL,FALSE,NULL
XIY,China,Xi'an,FALSE,NULL,FALSE,NULL
XMN,China,Xiamen,FALSE,NULL,FALSE,NULL
YNJ,China,Yanji,FALSE,NULL,FALSE,NULL
YNT,China,Yantai,FALSE,NULL,FALSE,NULL
ADZ,Colombia,San Andres,FALSE,NULL,FALSE,NULL
BAQ,Colombia,Barranquilla,FALSE,NULL,FALSE,NULL
BOG,Colombia,Bogota,FALSE,NULL,FALSE,NULL
CLO,Colombia,Cali,FALSE,NULL,FALSE,NULL
CTG,Colombia,Cartagena,FALSE,NULL,FALSE,NULL
MDE,Colombia,Medellin,FALSE,NULL,FALSE,NULL
HAH,Comoro Islands,Moroni,FALSE,NULL,FALSE,NULL
BZV,Congo,Brazzaville,FALSE,NULL,FALSE,NULL
RAR,Cook Islands,"Avarua, Rarotonga Island",FALSE,NULL,FALSE,NULL
LIR,Costa Rica,Liberia,FALSE,NULL,FALSE,NULL
SJO,Costa Rica,San Jose,FALSE,NULL,FALSE,NULL
Code,Country,City,FALSE,NULL,FALSE,NULL
DBV,Croatia,Dubrovnik,FALSE,NULL,FALSE,NULL
SPU,Croatia,Split,FALSE,NULL,FALSE,NULL
ZAD,Croatia,Zadar,FALSE,NULL,FALSE,NULL
ZAG,Croatia,Zagreb,FALSE,NULL,FALSE,NULL
HAV,Cuba,Havana,FALSE,NULL,FALSE,NULL
CUR,Curacao,Willemstad,FALSE,NULL,FALSE,NULL
LCA,Cyprus,Larnaca,FALSE,NULL,FALSE,NULL
PFO,Cyprus,Paphos,FALSE,NULL,FALSE,NULL
OSR,Czech Republic,Ostrava,FALSE,NULL,FALSE,NULL
PRG,Czech Republic,Prague,FALSE,NULL,FALSE,NULL
AAL,Denmark,Aalborg,FALSE,NULL,FALSE,NULL
AAR,Denmark,Aarhus,FALSE,NULL,FALSE,NULL
BLL,Denmark,Billund,FALSE,NULL,FALSE,NULL
CPH,Denmark,Copenhagen,FALSE,NULL,FALSE,NULL
EBJ,Denmark,Esbjerg,FALSE,NULL,FALSE,NULL
KRP,Denmark,Karup,FALSE,NULL,FALSE,NULL
RNN,Denmark,Ronne,FALSE,NULL,FALSE,NULL
SGD,Denmark,Sonderborg,FALSE,NULL,FALSE,NULL
JIB,Djibouti,Djibouti,FALSE,NULL,FALSE,NULL
DOM,Dominica,Roseau,FALSE,NULL,FALSE,NULL
LRM,Dominican Republic,La Romana,FALSE,NULL,FALSE,NULL
POP,Dominican Republic,Puerto Plata,FALSE,NULL,FALSE,NULL
PUJ,Dominican Republic,Punta Cana,FALSE,NULL,FALSE,NULL
SDQ,Dominican Republic,Santo Domingo,FALSE,NULL,FALSE,NULL
STI,Dominican Republic,Santiago,FALSE,NULL,FALSE,NULL
GYE,Ecuador,Guayaquil,FALSE,NULL,FALSE,NULL
UIO,Ecuador,Quito,FALSE,NULL,FALSE,NULL
ALY,Egypt,Alexandria,FALSE,NULL,FALSE,NULL
ASW,Egypt,Aswan,FALSE,NULL,FALSE,NULL
CAI,Egypt,Cairo,FALSE,NULL,FALSE,NULL
HBE,Egypt,Alexandria,FALSE,NULL,FALSE,NULL
HRG,Egypt,Hurghada,FALSE,NULL,FALSE,NULL
LXR,Egypt,Luxor,FALSE,NULL,FALSE,NULL
SSH,Egypt,Sharm El Sheikh,FALSE,NULL,FALSE,NULL
TCP,Egypt,Taba,FALSE,NULL,FALSE,NULL
SAL,El Salvador,San Salvador,FALSE,NULL,FALSE,NULL
SSG,Equatorial Guinea,"Malabo, Bioko Island",FALSE,NULL,FALSE,NULL
ASM,Eritrea,Asmara,FALSE,NULL,FALSE,NULL
TLL,Estonia,Tallinn,FALSE,NULL,FALSE,NULL
ADD,Ethiopia,Addis Ababa,FALSE,NULL,FALSE,NULL
JIJ,Ethiopia,Jijiga,FALSE,NULL,FALSE,NULL
NAN,Fiji,Nadi,FALSE,NULL,FALSE,NULL
SUV,Fiji,Suva,FALSE,NULL,FALSE,NULL
HEL,Finland,Helsinki,FALSE,NULL,FALSE,NULL
IVL,Finland,Ivalo,FALSE,NULL,FALSE,NULL
JOE,Finland,Joensuu,FALSE,NULL,FALSE,NULL
JYV,Finland,Jyvaskyla,FALSE,NULL,FALSE,NULL
KAJ,Finland,Kajaani,FALSE,NULL,FALSE,NULL
KOK,Finland,Kokkola,FALSE,NULL,FALSE,NULL
KTT,Finland,Kittila,FALSE,NULL,FALSE,NULL
KUO,Finland,Kuopio,FALSE,NULL,FALSE,NULL
MHQ,Finland,"Mariehamn, Aland",FALSE,NULL,FALSE,NULL
OUL,Finland,Oulu,FALSE,NULL,FALSE,NULL
RVN,Finland,Rovaniemi,FALSE,NULL,FALSE,NULL
TKU,Finland,Turku,FALSE,NULL,FALSE,NULL
TMP,Finland,Tampere,FALSE,NULL,FALSE,NULL
VAA,Finland,Vaasa,FALSE,NULL,FALSE,NULL
AJA,France,"Ajaccio, Corsica",FALSE,NULL,FALSE,NULL
BES,France,Brest,FALSE,NULL,FALSE,NULL
BIA,France,"Bastia, Corsica",FALSE,NULL,FALSE,NULL
BIQ,France,Biarritz,FALSE,NULL,FALSE,NULL
BOD,France,Bordeaux,FALSE,NULL,FALSE,NULL
BVA,France,Beauvais,FALSE,NULL,FALSE,NULL
CDG,France,Paris,FALSE,NULL,FALSE,NULL
CFE,France,Clermont-Ferrand,FALSE,NULL,FALSE,NULL
CFR,France,Caen,FALSE,NULL,FALSE,NULL
CLY,France,"Calvi, Corsica",FALSE,NULL,FALSE,NULL
EAP,France,Mulhouse,FALSE,NULL,FALSE,NULL
ETZ,France,Metz,FALSE,NULL,FALSE,NULL
FSC,France,"Figari, Corsica",FALSE,NULL,FALSE,NULL
LAI,France,Lannion,FALSE,NULL,FALSE,NULL
LDE,France,Lourdes,FALSE,NULL,FALSE,NULL
LEH,France,Le Havre,FALSE,NULL,FALSE,NULL
LIG,France,Limoges,FALSE,NULL,FALSE,NULL
LIL,France,Lille,FALSE,NULL,FALSE,NULL
LRT,France,Lorient,FALSE,NULL,FALSE,NULL
LYS,France,Lyon,FALSE,NULL,FALSE,NULL
MLH,France,Mulhouse,FALSE,NULL,FALSE,NULL
MPL,France,Montpellier,FALSE,NULL,FALSE,NULL
MRS,France,Marseille,FALSE,NULL,FALSE,NULL
NCE,France,Nice,FALSE,NULL,FALSE,NULL
NCY,France,Annecy,FALSE,NULL,FALSE,NULL
NTE,France,Nantes,FALSE,NULL,FALSE,NULL
ORY,France,Paris,FALSE,NULL,FALSE,NULL
PAR,France,Paris,FALSE,NULL,FALSE,NULL
PGF,France,Perpignan,FALSE,NULL,FALSE,NULL
PUF,France,Pau,FALSE,NULL,FALSE,NULL
RDZ,France,Rodez,FALSE,NULL,FALSE,NULL
RNS,France,Rennes,FALSE,NULL,FALSE,NULL
SXB,France,Strasbourg,FALSE,NULL,FALSE,NULL
TLN,France,Toulon,FALSE,NULL,FALSE,NULL
TLS,France,Toulouse,FALSE,NULL,FALSE,NULL
UIP,France,Quimper,FALSE,NULL,FALSE,NULL
URO,France,Rouen,FALSE,NULL,FALSE,NULL
CAY,French Guiana,Cayenne,FALSE,NULL,FALSE,NULL
AHE,French Polynesia,Ahe,FALSE,NULL,FALSE,NULL
PPT,French Polynesia,"Papeete, Tahiti",FALSE,NULL,FALSE,NULL
LBV,Gabon,Libreville,FALSE,NULL,FALSE,NULL
BJL,Gambia,Banjul,FALSE,NULL,FALSE,NULL
TBS,Georgia,Tbilisi,FALSE,NULL,FALSE,NULL
BER,Germany,Berlin,FALSE,NULL,FALSE,NULL
BRE,Germany,Bremen,FALSE,NULL,FALSE,NULL
CGN,Germany,Cologne,FALSE,NULL,FALSE,NULL
DRS,Germany,Dresden,FALSE,NULL,FALSE,NULL
DTM,Germany,Dortmund,FALSE,NULL,FALSE,NULL
DUS,Germany,Dusseldorf,FALSE,NULL,FALSE,NULL
ERF,Germany,Erfurt,FALSE,NULL,FALSE,NULL
FDH,Germany,Friedrichshafen,FALSE,NULL,FALSE,NULL
FMO,Germany,Munster,FALSE,NULL,FALSE,NULL
FRA,Germany,Frankfurt,FALSE,NULL,FALSE,NULL
HAJ,Germany,Hannover,FALSE,NULL,FALSE,NULL
HAM,Germany,Hamburg,FALSE,NULL,FALSE,NULL
HOQ,Germany,Hof,FALSE,NULL,FALSE,NULL
KEL,Germany,Kiel,FALSE,NULL,FALSE,NULL
LEJ,Germany,Leipzig,FALSE,NULL,FALSE,NULL
MUC,Germany,Munich,FALSE,NULL,FALSE,NULL
NUE,Germany,Nuremberg,FALSE,NULL,FALSE,NULL
PAD,Germany,Paderborn,FALSE,NULL,FALSE,NULL
STR,Germany,Stuttgart,FALSE,NULL,FALSE,NULL
SXF,Germany,Berlin,FALSE,NULL,FALSE,NULL
THF,Germany,Berlin,FALSE,NULL,FALSE,NULL
TXL,Germany,Berlin,FALSE,NULL,FALSE,NULL
ACC,Ghana,Accra,FALSE,NULL,FALSE,NULL
ATH,Greece,Athens,FALSE,NULL,FALSE,NULL
AXD,Greece,Alexandroupolis,FALSE,NULL,FALSE,NULL
CHQ,Greece,"Chania, Crete",FALSE,NULL,FALSE,NULL
EFL,Greece,"Argostoli, Kefalonia Island",FALSE,NULL,FALSE,NULL
HER,Greece,"Heraklion, Crete",FALSE,NULL,FALSE,NULL
IOA,Greece,Ioannina,FALSE,NULL,FALSE,NULL
JIK,Greece,Ikaria Island,FALSE,NULL,FALSE,NULL
JKH,Greece,Chios,FALSE,NULL,FALSE,NULL
JMK,Greece,Mikonos,FALSE,NULL,FALSE,NULL
JTR,Greece,"Thira, Santorini Island",FALSE,NULL,FALSE,NULL
KGS,Greece,Kos,FALSE,NULL,FALSE,NULL
MJT,Greece,"Mytilene, Lesbos Island",FALSE,NULL,FALSE,NULL
RHO,Greece,Rhodes,FALSE,NULL,FALSE,NULL
SKG,Greece,Thessaloniki,FALSE,NULL,FALSE,NULL
GND,Grenada,St. George's,FALSE,NULL,FALSE,NULL
PTP,Guadeloupe,"Pointe-A-Pitre, Grande-Terre",FALSE,NULL,FALSE,NULL
GUM,Guam,Agana,FALSE,NULL,FALSE,NULL
FRS,Guatemala,Flores,FALSE,NULL,FALSE,NULL
GUA,Guatemala,Guatemala City,FALSE,NULL,FALSE,NULL
CKY,Guinea,Conakry,FALSE,NULL,FALSE,NULL
OXB,Guinea-Bissau,Bissau,FALSE,NULL,FALSE,NULL
GEO,Guyana,Georgetown,FALSE,NULL,FALSE,NULL
PAP,Haiti,Port-au-Prince,FALSE,NULL,FALSE,NULL
TGU,Honduras,Tegucigalpa,FALSE,NULL,FALSE,NULL
BUD,Hungary,Budapest,FALSE,NULL,FALSE,NULL
SOB,Hungary,Balaton,FALSE,NULL,FALSE,NULL
KEF,Iceland,Reykjavik,FALSE,NULL,FALSE,NULL
REK ,Iceland,Reykjavik,FALSE,NULL,FALSE,NULL
RKV,Iceland,Reykjavik,FALSE,NULL,FALSE,NULL
AMD,India,Ahmedabad,FALSE,NULL,FALSE,NULL
BLR,India,Bangalore,FALSE,NULL,FALSE,NULL
BOM,India,Mumbai (Bombay),FALSE,NULL,FALSE,NULL
CCU,India,Calcutta,FALSE,NULL,FALSE,NULL
DEL,India,Delhi,FALSE,NULL,FALSE,NULL
HYD,India,Hyderabad,FALSE,NULL,FALSE,NULL
MAA,India,Chennai (Madras),FALSE,NULL,FALSE,NULL
PUT,India,Puttaparthi,FALSE,NULL,FALSE,NULL
VNS,India,Varanasi,FALSE,NULL,FALSE,NULL
BIK,Indonesia,"Biak, Papua",FALSE,NULL,FALSE,NULL
BPN,Indonesia,"Balikpapan, Kalimantan",FALSE,NULL,FALSE,NULL
CGK,Indonesia,"Jakarta, Java",FALSE,NULL,FALSE,NULL
DPS,Indonesia,"Denpasar, Bali",FALSE,NULL,FALSE,NULL
JKT,Indonesia,"Jakarta, Java",FALSE,NULL,FALSE,NULL
JOG,Indonesia,"Yogyakarta, Java",FALSE,NULL,FALSE,NULL
MES,Indonesia,"Medan, Sumatra",FALSE,NULL,FALSE,NULL
PLM,Indonesia,"Palembang, Sumatra",FALSE,NULL,FALSE,NULL
SUB,Indonesia,"Surabaya, Java",FALSE,NULL,FALSE,NULL
UPG,Indonesia,"Ujung Pandang, Sulawesi",FALSE,NULL,FALSE,NULL
ADU,Iran,Ardabil,FALSE,NULL,FALSE,NULL
TBZ,Iran,Tabriz,FALSE,NULL,FALSE,NULL
THR,Iran,Tehran,FALSE,NULL,FALSE,NULL
SDA,Iraq,Baghdad,FALSE,NULL,FALSE,NULL
DUB,Ireland,Dublin,FALSE,NULL,FALSE,NULL
NOC,Ireland,Connaught,FALSE,NULL,FALSE,NULL
ORK,Ireland,Cork,FALSE,NULL,FALSE,NULL
SNN,Ireland,Shannon,FALSE,NULL,FALSE,NULL
TLV,Israel,Tel Aviv,FALSE,NULL,FALSE,NULL
AHO,Italy,"Alghero, Sardinia",FALSE,NULL,FALSE,NULL
ALL,Italy,Albenga,FALSE,NULL,FALSE,NULL
AOI,Italy,Ancona,FALSE,NULL,FALSE,NULL
AOT,Italy,Aosta,FALSE,NULL,FALSE,NULL
BDS,Italy,Brindisi,FALSE,NULL,FALSE,NULL
BLQ,Italy,Bologna,FALSE,NULL,FALSE,NULL
BRI,Italy,Bari,FALSE,NULL,FALSE,NULL
BZO,Italy,Bolzano,FALSE,NULL,FALSE,NULL
CAG,Italy,"Cagliari, Sardinia",FALSE,NULL,FALSE,NULL
CIA,Italy,Rome,FALSE,NULL,FALSE,NULL
CRV,Italy,Crotone,FALSE,NULL,FALSE,NULL
CTA,Italy,"Catania, Sicily",FALSE,NULL,FALSE,NULL
FLR,Italy,Florence,FALSE,NULL,FALSE,NULL
GOA,Italy,Genoa,FALSE,NULL,FALSE,NULL
LIN,Italy,Milan,FALSE,NULL,FALSE,NULL
MIL,Italy,Milan,FALSE,NULL,FALSE,NULL
MXP,Italy,Milan,FALSE,NULL,FALSE,NULL
NAP,Italy,Naples,FALSE,NULL,FALSE,NULL
OLB,Italy,"Olbia, Sardinia",FALSE,NULL,FALSE,NULL
PEG,Italy,Perugia,FALSE,NULL,FALSE,NULL
PMO,Italy,"Palermo, Sicily",FALSE,NULL,FALSE,NULL
PSA,Italy,Pisa,FALSE,NULL,FALSE,NULL
REG,Italy,Reggio di Calabria,FALSE,NULL,FALSE,NULL
RMI,Italy,Rimini,FALSE,NULL,FALSE,NULL
ROM,Italy,Rome,FALSE,NULL,FALSE,NULL
SUF,Italy,Lamezia Terme,FALSE,NULL,FALSE,NULL
TRN,Italy,Turin,FALSE,NULL,FALSE,NULL
TRS,Italy,Trieste,FALSE,NULL,FALSE,NULL
VCE,Italy,Venice,FALSE,NULL,FALSE,NULL
VRN,Italy,Verona,FALSE,NULL,FALSE,NULL
FCO,Italy (FCO-Leonardo Da Vinci,Rome,FALSE,NULL,FALSE,NULL
ABJ,Ivory Coast,Abidjan,FALSE,NULL,FALSE,NULL
KIN,Jamaica,Kingston,FALSE,NULL,FALSE,NULL
KTP,Jamaica,Kingston,FALSE,NULL,FALSE,NULL
MBJ,Jamaica,Montego Bay,FALSE,NULL,FALSE,NULL
OCJ,Jamaica,Ocho Rios,FALSE,NULL,FALSE,NULL
AOJ,Japan,Aomori,FALSE,NULL,FALSE,NULL
ASJ,Japan,"Naze, Amami-O Island",FALSE,NULL,FALSE,NULL
AXT,Japan,Akita,FALSE,NULL,FALSE,NULL
CTS,Japan,Sapporo,FALSE,NULL,FALSE,NULL
FKS,Japan,Fukushima,FALSE,NULL,FALSE,NULL
FUK,Japan,Fukuoka,FALSE,NULL,FALSE,NULL
GAJ,Japan,Yamagata,FALSE,NULL,FALSE,NULL
HKD,Japan,Hakodate,FALSE,NULL,FALSE,NULL
HND,Japan,Tokyo,FALSE,NULL,FALSE,NULL
HSG,Japan,Saga,FALSE,NULL,FALSE,NULL
ITM,Japan,Osaka,FALSE,NULL,FALSE,NULL
IWJ,Japan,Iwami,FALSE,NULL,FALSE,NULL
IZO,Japan,Izumo,FALSE,NULL,FALSE,NULL
KIJ,Japan,Niigata,FALSE,NULL,FALSE,NULL
KIX,Japan,Osaka,FALSE,NULL,FALSE,NULL
KMI,Japan,Miyazaki,FALSE,NULL,FALSE,NULL
KMJ,Japan,Kumamoto,FALSE,NULL,FALSE,NULL
KMQ,Japan,Komatsu,FALSE,NULL,FALSE,NULL
KOJ,Japan,Kagoshima,FALSE,NULL,FALSE,NULL
KUH,Japan,Kushiro,FALSE,NULL,FALSE,NULL
MMB,Japan,Memanbetsu,FALSE,NULL,FALSE,NULL
MSJ,Japan,Misawa,FALSE,NULL,FALSE,NULL
MYJ,Japan,Matsuyama,FALSE,NULL,FALSE,NULL
NGO,Japan,Nagoya,FALSE,NULL,FALSE,NULL
NGS,Japan,Nagasaki,FALSE,NULL,FALSE,NULL
NKM,Japan,Nagoya,FALSE,NULL,FALSE,NULL
NRT,Japan,Tokyo,FALSE,NULL,FALSE,NULL
NTQ,Japan,Wajima,FALSE,NULL,FALSE,NULL
OBO,Japan,Obihiro,FALSE,NULL,FALSE,NULL
OIT,Japan,Oita,FALSE,NULL,FALSE,NULL
OKA,Japan,"Naha, Okinawa",FALSE,NULL,FALSE,NULL
OKD,Japan,Sapporo,FALSE,NULL,FALSE,NULL
ONJ,Japan,Odate Noshiro,FALSE,NULL,FALSE,NULL
OSA,Japan,Osaka,FALSE,NULL,FALSE,NULL
SHM,Japan,Nanki Shirahama,FALSE,NULL,FALSE,NULL
TAK,Japan,Takamatsu,FALSE,NULL,FALSE,NULL
TYO,Japan,Tokyo,FALSE,NULL,FALSE,NULL
AMM,Jordan,Amman,FALSE,NULL,FALSE,NULL
ALA,Kazakhstan,Almaty,FALSE,NULL,FALSE,NULL
KGF,Kazakhstan,Karaganda,FALSE,NULL,FALSE,NULL
KZO,Kazakhstan,Kzyl Orda,FALSE,NULL,FALSE,NULL
PLX,Kazakhstan,Semipalatinsk,FALSE,NULL,FALSE,NULL
TSE,Kazakhstan,Astana,FALSE,NULL,FALSE,NULL
UKK,Kazakhstan,Ust Kamenogorsk,FALSE,NULL,FALSE,NULL
MBA,Kenya,Mombasa,FALSE,NULL,FALSE,NULL
NBO,Kenya,Nairobi,FALSE,NULL,FALSE,NULL
KWI,Kuwait,Kuwait,FALSE,NULL,FALSE,NULL
FRU,Kyrgyzstan,Bishkek,FALSE,NULL,FALSE,NULL
VTE,Laos,Vientiane,FALSE,NULL,FALSE,NULL
RIX,Latvia,Riga,FALSE,NULL,FALSE,NULL
BEY,Lebanon,Beirut,FALSE,NULL,FALSE,NULL
MSU,Lesotho,Maseru,FALSE,NULL,FALSE,NULL
ROB,Liberia,Monrovia,FALSE,NULL,FALSE,NULL
TIP,Libya,Tripoli,FALSE,NULL,FALSE,NULL
VNO,Lithuania,Vilnius,FALSE,NULL,FALSE,NULL
LUX,Luxembourg,Luxembourg,FALSE,NULL,FALSE,NULL
SKP,Macedonia,Skopje,FALSE,NULL,FALSE,NULL
TNR,Madagascar,Antananarivo,FALSE,NULL,FALSE,NULL
FNC,Madeira,Funchal,FALSE,NULL,FALSE,NULL
PXO,Madeira,Porto Santo,FALSE,NULL,FALSE,NULL
BLZ,Malawi,Blantyre,FALSE,NULL,FALSE,NULL
LLW,Malawi,Lilongwe,FALSE,NULL,FALSE,NULL
AOR,Malaysia,Alor Setar,FALSE,NULL,FALSE,NULL
BKI,Malaysia,"Kota Kinabalu, Sabah",FALSE,NULL,FALSE,NULL
BTU,Malaysia,"Bintulu, Sarawak",FALSE,NULL,FALSE,NULL
IPH,Malaysia,Ipoh,FALSE,NULL,FALSE,NULL
JHB,Malaysia,Johor Bahru,FALSE,NULL,FALSE,NULL
KBR,Malaysia,Kota Bharu,FALSE,NULL,FALSE,NULL
KCH,Malaysia,"Kuching, Sarawak",FALSE,NULL,FALSE,NULL
KUA,Malaysia,Kuantan,FALSE,NULL,FALSE,NULL
KUL,Malaysia,Kuala Lumpur,FALSE,NULL,FALSE,NULL
LBP,Malaysia,Long Banga,FALSE,NULL,FALSE,NULL
LDU,Malaysia,"Lahad Datu, Sabah",FALSE,NULL,FALSE,NULL
LGK,Malaysia,Langkawi,FALSE,NULL,FALSE,NULL
MYY,Malaysia,"Miri, Sarawak",FALSE,NULL,FALSE,NULL
MZV,Malaysia,Mulu,FALSE,NULL,FALSE,NULL
PEN,Malaysia,"Penang, Penang Island",FALSE,NULL,FALSE,NULL
SBW,Malaysia,"Sibu, Sarawak",FALSE,NULL,FALSE,NULL
SDK,Malaysia,"Sandakan, Sabah",FALSE,NULL,FALSE,NULL
TGG,Malaysia,Kuala Terengganu,FALSE,NULL,FALSE,NULL
TWU,Malaysia,"Tawau, Sabah",FALSE,NULL,FALSE,NULL
MLE,Maldives,Male,FALSE,NULL,FALSE,NULL
MLA,Malta,Valletta,FALSE,NULL,FALSE,NULL
MAJ,Marshall Islands,Majuro,FALSE,NULL,FALSE,NULL
FDF,Martinique,Fort-de-France,FALSE,NULL,FALSE,NULL
NKC,Mauritania,Nouakchott,FALSE,NULL,FALSE,NULL
MRU,Mauritius,Mahebourg,FALSE,NULL,FALSE,NULL
ACA,Mexico,Acapulco,FALSE,NULL,FALSE,NULL
AGU,Mexico,Aguascalientes,FALSE,NULL,FALSE,NULL
BJX,Mexico,Leon,FALSE,NULL,FALSE,NULL
CEN,Mexico,Ciudad Obregon,FALSE,NULL,FALSE,NULL
CJS,Mexico,Ciudad Juarez,FALSE,NULL,FALSE,NULL
CLQ,Mexico,Colima,FALSE,NULL,FALSE,NULL
CME,Mexico,Ciudad Del Carmen,FALSE,NULL,FALSE,NULL
CPE,Mexico,Campeche,FALSE,NULL,FALSE,NULL
CTM,Mexico,Chetumal,FALSE,NULL,FALSE,NULL
CUL,Mexico,Culiacan,FALSE,NULL,FALSE,NULL
CUN,Mexico,Cancun,FALSE,NULL,FALSE,NULL
CUU,Mexico,Chihuahua,FALSE,NULL,FALSE,NULL
CVM,Mexico,Ciudad Victoria,FALSE,NULL,FALSE,NULL
CZM,Mexico,Cozumel,FALSE,NULL,FALSE,NULL
DGO,Mexico,Durango,FALSE,NULL,FALSE,NULL
GDL,Mexico,Guadalajara,FALSE,NULL,FALSE,NULL
GYM,Mexico,Guaymas,FALSE,NULL,FALSE,NULL
HMO,Mexico,Hermosillo,FALSE,NULL,FALSE,NULL
JAL,Mexico,Jalapa,FALSE,NULL,FALSE,NULL
LAP,Mexico,La Paz,FALSE,NULL,FALSE,NULL
LOV,Mexico,Monclova,FALSE,NULL,FALSE,NULL
LTO,Mexico,Loreto,FALSE,NULL,FALSE,NULL
LZC,Mexico,Lazaro Cardenas,FALSE,NULL,FALSE,NULL
MEX,Mexico,Mexico City,FALSE,NULL,FALSE,NULL
MID,Mexico,Merida,FALSE,NULL,FALSE,NULL
MLM,Mexico,Morelia,FALSE,NULL,FALSE,NULL
MTY,Mexico,Monterrey,FALSE,NULL,FALSE,NULL
MXL,Mexico,Mexicali,FALSE,NULL,FALSE,NULL
MZT,Mexico,Mazatlan,FALSE,NULL,FALSE,NULL
NLD,Mexico,Nuevo Laredo,FALSE,NULL,FALSE,NULL
OAX,Mexico,Oaxaca,FALSE,NULL,FALSE,NULL
PBC,Mexico,Puebla,FALSE,NULL,FALSE,NULL
PDS,Mexico,Piedras Negras,FALSE,NULL,FALSE,NULL
PVR,Mexico,Puerto Vallarta,FALSE,NULL,FALSE,NULL
PXM,Mexico,Puerto Escondido,FALSE,NULL,FALSE,NULL
QRO,Mexico,Queretaro,FALSE,NULL,FALSE,NULL
REX,Mexico,Reynosa,FALSE,NULL,FALSE,NULL
SJD,Mexico,Los Cabos,FALSE,NULL,FALSE,NULL
SLP,Mexico,San Luis Potosi,FALSE,NULL,FALSE,NULL
SLW,Mexico,Saltillo,FALSE,NULL,FALSE,NULL
TAM,Mexico,Tampico,FALSE,NULL,FALSE,NULL
TAP,Mexico,Tapachula,FALSE,NULL,FALSE,NULL
TGZ,Mexico,Tuxtla Gutierrez,FALSE,NULL,FALSE,NULL
TIJ,Mexico,Tijuana,FALSE,NULL,FALSE,NULL
TLC,Mexico,Toluca,FALSE,NULL,FALSE,NULL
TPQ,Mexico,Tepic,FALSE,NULL,FALSE,NULL
TRC,Mexico,Torreon,FALSE,NULL,FALSE,NULL
VER,Mexico,Veracruz,FALSE,NULL,FALSE,NULL
VSA,Mexico,Villahermosa,FALSE,NULL,FALSE,NULL
ZCL,Mexico,Zacatecas,FALSE,NULL,FALSE,NULL
ZIH,Mexico,Ixtapa,FALSE,NULL,FALSE,NULL
ZLO,Mexico,Manzanillo,FALSE,NULL,FALSE,NULL
KSA,Micronesia,Kosrae,FALSE,NULL,FALSE,NULL
PNI,Micronesia,Pohnpei,FALSE,NULL,FALSE,NULL
TKK,Micronesia,Truk,FALSE,NULL,FALSE,NULL
YAP,Micronesia,Yap,FALSE,NULL,FALSE,NULL
KIV,Moldova,Chisinau,FALSE,NULL,FALSE,NULL
ULN,Mongolia,Ulan Bator,FALSE,NULL,FALSE,NULL
AGA,Morocco,Agadir,FALSE,NULL,FALSE,NULL
CMN,Morocco,Casablanca,FALSE,NULL,FALSE,NULL
NDR,Morocco,Nador,FALSE,NULL,FALSE,NULL
RAK,Morocco,Marrakech,FALSE,NULL,FALSE,NULL
TNG,Morocco,Tangier,FALSE,NULL,FALSE,NULL
MPM,Mozambique,Maputo,FALSE,NULL,FALSE,NULL
RGN,Myanmar (Burma),Rangoon,FALSE,NULL,FALSE,NULL
KTM,Nepal,Kathmandu,FALSE,NULL,FALSE,NULL
LUA,Nepal,Lukla,FALSE,NULL,FALSE,NULL
AMS,Netherlands,Amsterdam,FALSE,NULL,FALSE,NULL
RTM,Netherlands,Rotterdam,FALSE,NULL,FALSE,NULL
GEA,New Caledonia,Noumea,FALSE,NULL,FALSE,NULL
NOU,New Caledonia,Noumea,FALSE,NULL,FALSE,NULL
AKL,New Zealand,Auckland,FALSE,NULL,FALSE,NULL
BHE,New Zealand,Blenheim,FALSE,NULL,FALSE,NULL
CHC,New Zealand,Christchurch,FALSE,NULL,FALSE,NULL
DUD,New Zealand,Dunedin,FALSE,NULL,FALSE,NULL
GIS,New Zealand,Gisborne,FALSE,NULL,FALSE,NULL
HKK,New Zealand,Hokitika,FALSE,NULL,FALSE,NULL
HLZ,New Zealand,Hamilton,FALSE,NULL,FALSE,NULL
IVC,New Zealand,Invercargill,FALSE,NULL,FALSE,NULL
KAT,New Zealand,Kaitaia,FALSE,NULL,FALSE,NULL
KKE,New Zealand,Kerikeri,FALSE,NULL,FALSE,NULL
NPE,New Zealand,Napier,FALSE,NULL,FALSE,NULL
NSN,New Zealand,Nelson,FALSE,NULL,FALSE,NULL
PMR,New Zealand,Palmerston North,FALSE,NULL,FALSE,NULL
ROT,New Zealand,Rotorua,FALSE,NULL,FALSE,NULL
TIU,New Zealand,Timaru,FALSE,NULL,FALSE,NULL
TRG,New Zealand,Tauranga,FALSE,NULL,FALSE,NULL
TUO,New Zealand,Taupo,FALSE,NULL,FALSE,NULL
WAG,New Zealand,Wanganui,FALSE,NULL,FALSE,NULL
WHK,New Zealand,Whakatane,FALSE,NULL,FALSE,NULL
WLG,New Zealand,Wellington,FALSE,NULL,FALSE,NULL
WRE,New Zealand,Whangarei,FALSE,NULL,FALSE,NULL
WSZ,New Zealand,Westport,FALSE,NULL,FALSE,NULL
ZQN,New Zealand,Queenstown,FALSE,NULL,FALSE,NULL
MGA,Nicaragua,Managua,FALSE,NULL,FALSE,NULL
NIM,Niger,Niamey,FALSE,NULL,FALSE,NULL
ABV,Nigeria,Abuja,FALSE,NULL,FALSE,NULL
IBA,Nigeria,Ibadan,FALSE,NULL,FALSE,NULL
LOS,Nigeria,Lagos,FALSE,NULL,FALSE,NULL
QRW,Nigeria,Warri,FALSE,NULL,FALSE,NULL
FNJ,North Korea,Pyongyang,FALSE,NULL,FALSE,NULL
SPN,Northern Mariana Islands,Saipan,FALSE,NULL,FALSE,NULL
AES,Norway,Aalesund,FALSE,NULL,FALSE,NULL
ALF,Norway,Alta,FALSE,NULL,FALSE,NULL
BDU,Norway,Bardufoss,FALSE,NULL,FALSE,NULL
BGO,Norway,Bergen,FALSE,NULL,FALSE,NULL
BOO,Norway,Bodo,FALSE,NULL,FALSE,NULL
EVE,Norway,Evenes,FALSE,NULL,FALSE,NULL
HAU,Norway,Haugesund,FALSE,NULL,FALSE,NULL
HFT,Norway,Hammerfest,FALSE,NULL,FALSE,NULL
KRS,Norway,Kristiansand,FALSE,NULL,FALSE,NULL
LYR,Norway,"Longyearbyen, Svalbard",FALSE,NULL,FALSE,NULL
NVK,Norway,Narvik,FALSE,NULL,FALSE,NULL
OSL,Norway,Oslo,FALSE,NULL,FALSE,NULL
SVG,Norway,Stavanger,FALSE,NULL,FALSE,NULL
TOS,Norway,Tromso,FALSE,NULL,FALSE,NULL
TRD,Norway,Trondheim,FALSE,NULL,FALSE,NULL
TRF,Norway,Sandefjord,FALSE,NULL,FALSE,NULL
MCT,Oman,Muscat,FALSE,NULL,FALSE,NULL
ISB,Pakistan,Islamabad-Rawalpindi,FALSE,NULL,FALSE,NULL
KHI,Pakistan,Karachi,FALSE,NULL,FALSE,NULL
LHE,Pakistan,Lahore,FALSE,NULL,FALSE,NULL
PEW,Pakistan,Peshawar,FALSE,NULL,FALSE,NULL
ROR,Palau,Koror,FALSE,NULL,FALSE,NULL
PTY,Panama,Panama City,FALSE,NULL,FALSE,NULL
DOY,Papua-New Guinea,Deboyne,FALSE,NULL,FALSE,NULL
POM,Papua-New Guinea,Port Moresby,FALSE,NULL,FALSE,NULL
AGT,Paraguay,Ciudad del Este,FALSE,NULL,FALSE,NULL
ASU,Paraguay,Asuncion,FALSE,NULL,FALSE,NULL
AQP,Peru,Arequipa,FALSE,NULL,FALSE,NULL
CUZ,Peru,Cusco,FALSE,NULL,FALSE,NULL
LIM,Peru,Lima,FALSE,NULL,FALSE,NULL
BCD,Philippines,Bacolod,FALSE,NULL,FALSE,NULL
BXU,Philippines,Butuan,FALSE,NULL,FALSE,NULL
CBO,Philippines,Cotabato,FALSE,NULL,FALSE,NULL
CEB,Philippines,Cebu,FALSE,NULL,FALSE,NULL
CGY,Philippines,Cagayan de Oro,FALSE,NULL,FALSE,NULL
CRK,Philippines,Angeles City,FALSE,NULL,FALSE,NULL
DGT,Philippines,Dumaguete,FALSE,NULL,FALSE,NULL
DPL,Philippines,Dipolog,FALSE,NULL,FALSE,NULL
DVO,Philippines,Davao,FALSE,NULL,FALSE,NULL
GES,Philippines,General Santos,FALSE,NULL,FALSE,NULL
ILO,Philippines,Iloilo,FALSE,NULL,FALSE,NULL
KLO,Philippines,Kalibo,FALSE,NULL,FALSE,NULL
LGP,Philippines,Legaspi,FALSE,NULL,FALSE,NULL
MNL,Philippines,Manila,FALSE,NULL,FALSE,NULL
NCP,Philippines,Cubi Point Nas,FALSE,NULL,FALSE,NULL
PPS,Philippines,Puerto Princesa,FALSE,NULL,FALSE,NULL
RXS,Philippines,Roxas City,FALSE,NULL,FALSE,NULL
SFS,Philippines,Subic Bay,FALSE,NULL,FALSE,NULL
TAC,Philippines,Tacloban,FALSE,NULL,FALSE,NULL
TAG,Philippines,Tagbilaran,FALSE,NULL,FALSE,NULL
ZAM,Philippines,Zamboanga,FALSE,NULL,FALSE,NULL
BZG,Poland,Bydgoszcz,FALSE,NULL,FALSE,NULL
GDN,Poland,Gdansk,FALSE,NULL,FALSE,NULL
KRK,Poland,Krakow,FALSE,NULL,FALSE,NULL
KTW,Poland,Katowice,FALSE,NULL,FALSE,NULL
POZ,Poland,Poznan,FALSE,NULL,FALSE,NULL
RZE,Poland,Rzeszow,FALSE,NULL,FALSE,NULL
SZZ,Poland,Szczecin,FALSE,NULL,FALSE,NULL
WAW,Poland,Warsaw,FALSE,NULL,FALSE,NULL
WRO,Poland,Wroclaw,FALSE,NULL,FALSE,NULL
FAO,Portugal,Faro,FALSE,NULL,FALSE,NULL
LIS,Portugal,Lisbon,FALSE,NULL,FALSE,NULL
OPO,Portugal,Porto,FALSE,NULL,FALSE,NULL
BQN,Puerto Rico,Aguadilla,FALSE,NULL,FALSE,NULL
SJU,Puerto Rico,San Juan,FALSE,NULL,FALSE,NULL
VQS,Puerto Rico,Vieques,FALSE,NULL,FALSE,NULL
DOH,Qatar,Doha,FALSE,NULL,FALSE,NULL
CJU,Republic of,"Jeju, Korea",FALSE,NULL,FALSE,NULL
GMP,Republic of,"Seoul, Korea",FALSE,NULL,FALSE,NULL
ICN,Republic of,"Seoul, Korea",FALSE,NULL,FALSE,NULL
PUS,Republic of,"Busan, Korea",FALSE,NULL,FALSE,NULL
YNY,Republic of,"Yangyang, Korea",FALSE,NULL,FALSE,NULL
RUN,Reunion,Saint-Denis,FALSE,NULL,FALSE,NULL
ZSE,Reunion,Saint-Pierre,FALSE,NULL,FALSE,NULL
OTP,Romania,Bucharest,FALSE,NULL,FALSE,NULL
ARH,Russia,Arkhangelsk,FALSE,NULL,FALSE,NULL
GOJ,Russia,Nizhniy Novgorod,FALSE,NULL,FALSE,NULL
IKT,Russia,"Irkutsk, Siberia",FALSE,NULL,FALSE,NULL
KGD,Russia,Kaliningrad,FALSE,NULL,FALSE,NULL
LED,Russia,St. Petersburg,FALSE,NULL,FALSE,NULL
MMK,Russia,Murmansk,FALSE,NULL,FALSE,NULL
MOW,Russia,Moscow,FALSE,NULL,FALSE,NULL
NNM,Russia,Naryan Mar,FALSE,NULL,FALSE,NULL
OMS,Russia,"Omsk, Siberia",FALSE,NULL,FALSE,NULL
OVB,Russia,"Novosibirsk, Siberia",FALSE,NULL,FALSE,NULL
PKC,Russia,"Petropavlovsk-Kamchatsky, Siberia",FALSE,NULL,FALSE,NULL
ROV,Russia,Rostov,FALSE,NULL,FALSE,NULL
SVO,Russia,Moscow,FALSE,NULL,FALSE,NULL
SVX,Russia,"Ekaterinburg, Siberia",FALSE,NULL,FALSE,NULL
VKO,Russia,Moscow,FALSE,NULL,FALSE,NULL
VOG,Russia,Volgograd,FALSE,NULL,FALSE,NULL
VVO,Russia,"Vladivostok, Siberia",FALSE,NULL,FALSE,NULL
KGL,Rwanda,Kigali,FALSE,NULL,FALSE,NULL
SAB,Saba,Saba Island,FALSE,NULL,FALSE,NULL
DHA,Saudi Arabia,Dhahran,FALSE,NULL,FALSE,NULL
DWD,Saudi Arabia,Dawadmi,FALSE,NULL,FALSE,NULL
JED,Saudi Arabia,Jeddah,FALSE,NULL,FALSE,NULL
RUH,Saudi Arabia,Riyadh,FALSE,NULL,FALSE,NULL
DKR,Senegal,Dakar,FALSE,NULL,FALSE,NULL
BEG,Serbia and Montenegro,Belgrade,FALSE,NULL,FALSE,NULL
SEZ,Seychelles,"Victoria, Mahe Island",FALSE,NULL,FALSE,NULL
FNA,Sierra Leone,Freetown,FALSE,NULL,FALSE,NULL
SIN,Singapore,Singapore,FALSE,NULL,FALSE,NULL
BTS,Slovakia,Bratislava,FALSE,NULL,FALSE,NULL
LJU,Slovenia,Ljubljana,FALSE,NULL,FALSE,NULL
HIR,Solomon Islands,"Honiara, Guadalcanal",FALSE,NULL,FALSE,NULL
MGQ,Somalia,Mogadishu,FALSE,NULL,FALSE,NULL
AAM,South Africa,Mala Mala,FALSE,NULL,FALSE,NULL
BFN,South Africa,Bloemfontein,FALSE,NULL,FALSE,NULL
CPT,South Africa,Cape Town,FALSE,NULL,FALSE,NULL
DUR,South Africa,Durban,FALSE,NULL,FALSE,NULL
ELS,South Africa,East London,FALSE,NULL,FALSE,NULL
JNB,South Africa,Johannesburg,FALSE,NULL,FALSE,NULL
MQP,South Africa,Nelspruit,FALSE,NULL,FALSE,NULL
TAE,South Korea,Taegu,FALSE,NULL,FALSE,NULL
AGP,Spain,Malaga,FALSE,NULL,FALSE,NULL
ALC,Spain,Alicante,FALSE,NULL,FALSE,NULL
BCN,Spain,Barcelona,FALSE,NULL,FALSE,NULL
BIO,Spain,Bilbao,FALSE,NULL,FALSE,NULL
BJZ,Spain,Badajoz,FALSE,NULL,FALSE,NULL
EAS,Spain,San Sebastian,FALSE,NULL,FALSE,NULL
GRX,Spain,Granada,FALSE,NULL,FALSE,NULL
IBZ,Spain,Ibiza,FALSE,NULL,FALSE,NULL
LCG,Spain,La Coruna,FALSE,NULL,FALSE,NULL
LEI,Spain,Almeria,FALSE,NULL,FALSE,NULL
LEN,Spain,Leon,FALSE,NULL,FALSE,NULL
MAD,Spain,Madrid,FALSE,NULL,FALSE,NULL
MAH,Spain,"Mao, Minorca",FALSE,NULL,FALSE,NULL
MJV,Spain,Murcia,FALSE,NULL,FALSE,NULL
MLN,Spain,Melilla,FALSE,NULL,FALSE,NULL
PMI,Spain,"Palma, Mallorca",FALSE,NULL,FALSE,NULL
PNA,Spain,Pamplona,FALSE,NULL,FALSE,NULL
RJL,Spain,Logrono,FALSE,NULL,FALSE,NULL
SDR,Spain,Santander,FALSE,NULL,FALSE,NULL
SPC,Spain,Santa Cruz,FALSE,NULL,FALSE,NULL
SVQ,Spain,Seville,FALSE,NULL,FALSE,NULL
VGO,Spain,Vigo,FALSE,NULL,FALSE,NULL
VIT,Spain,Vitoria,FALSE,NULL,FALSE,NULL
VLC,Spain,Valencia,FALSE,NULL,FALSE,NULL
VLL,Spain,Valladolid,FALSE,NULL,FALSE,NULL
XRY,Spain,Jerez de La Frontera,FALSE,NULL,FALSE,NULL
ZAZ,Spain,Zaragoza,FALSE,NULL,FALSE,NULL
CMB,Sri Lanka,Colombo,FALSE,NULL,FALSE,NULL
SBH,St. Barts,Gustavia,FALSE,NULL,FALSE,NULL
EUX,St. Eustatius,Oranjestad,FALSE,NULL,FALSE,NULL
SKB,St. Kitts,Basseterre,FALSE,NULL,FALSE,NULL
SLU,St. Lucia,Castries,FALSE,NULL,FALSE,NULL
UVF,St. Lucia,Vieux Fort,FALSE,NULL,FALSE,NULL
SXM,St. Maarten,Philipsburg,FALSE,NULL,FALSE,NULL
SVD,St. Vincent,Kingstown,FALSE,NULL,FALSE,NULL
KRT,Sudan,Khartoum,FALSE,NULL,FALSE,NULL
PBM,Suriname,Paramaribo,FALSE,NULL,FALSE,NULL
MTS,Swaziland,Manzini,FALSE,NULL,FALSE,NULL
AGH,Sweden,Helsingborg,FALSE,NULL,FALSE,NULL
AJR,Sweden,Arvidsjaur,FALSE,NULL,FALSE,NULL
ARN,Sweden,Stockholm,FALSE,NULL,FALSE,NULL
BLE,Sweden,Borlange,FALSE,NULL,FALSE,NULL
BMA,Sweden,Stockholm,FALSE,NULL,FALSE,NULL
GOT,Sweden,Gothenburg,FALSE,NULL,FALSE,NULL
HAD,Sweden,Halmstad,FALSE,NULL,FALSE,NULL
HMV,Sweden,Hemavan,FALSE,NULL,FALSE,NULL
JKG,Sweden,Jonkoping,FALSE,NULL,FALSE,NULL
KID,Sweden,Kristianstad,FALSE,NULL,FALSE,NULL
KLR,Sweden,Kalmar,FALSE,NULL,FALSE,NULL
KRF,Sweden,Kramfors,FALSE,NULL,FALSE,NULL
KRN,Sweden,Kiruna,FALSE,NULL,FALSE,NULL
KSD,Sweden,Karlstad,FALSE,NULL,FALSE,NULL
LLA,Sweden,Lulea,FALSE,NULL,FALSE,NULL
LPI,Sweden,Linkoping,FALSE,NULL,FALSE,NULL
LYC,Sweden,Lycksele,FALSE,NULL,FALSE,NULL
MMA,Sweden,Malmo,FALSE,NULL,FALSE,NULL
MMX,Sweden,Malmo,FALSE,NULL,FALSE,NULL
MXX,Sweden,Mora,FALSE,NULL,FALSE,NULL
NRK,Sweden,Norrkoping,FALSE,NULL,FALSE,NULL
OER,Sweden,Ornskoldsvik,FALSE,NULL,FALSE,NULL
ORB,Sweden,Orebro,FALSE,NULL,FALSE,NULL
OSD,Sweden,Ostersund,FALSE,NULL,FALSE,NULL
PJA,Sweden,Pajala,FALSE,NULL,FALSE,NULL
RNB,Sweden,Ronneby,FALSE,NULL,FALSE,NULL
SDL,Sweden,Sundsvall,FALSE,NULL,FALSE,NULL
SFT,Sweden,Skelleftea,FALSE,NULL,FALSE,NULL
SQO,Sweden,Storuman,FALSE,NULL,FALSE,NULL
STO,Sweden,Stockholm,FALSE,NULL,FALSE,NULL
UME,Sweden,Umea,FALSE,NULL,FALSE,NULL
VBY,Sweden,Visby,FALSE,NULL,FALSE,NULL
VHM,Sweden,Vilhelmina,FALSE,NULL,FALSE,NULL
VST,Sweden,Vasteras,FALSE,NULL,FALSE,NULL
VXO,Sweden,Vaxjo,FALSE,NULL,FALSE,NULL
ACH,Switzerland,Altenrhein,FALSE,NULL,FALSE,NULL
BRN,Switzerland,Berne,FALSE,NULL,FALSE,NULL
BSL,Switzerland,Basel,FALSE,NULL,FALSE,NULL
GVA,Switzerland,Geneva,FALSE,NULL,FALSE,NULL
LUG,Switzerland,Lugano,FALSE,NULL,FALSE,NULL
ZRH,Switzerland,Zurich,FALSE,NULL,FALSE,NULL
DAM,Syria,Damascus,FALSE,NULL,FALSE,NULL
HCN,Taiwan,Hengchun,FALSE,NULL,FALSE,NULL
HUN,Taiwan,Hualien,FALSE,NULL,FALSE,NULL
KHH,Taiwan,Kaohsiung,FALSE,NULL,FALSE,NULL
LZN,Taiwan,Nangen,FALSE,NULL,FALSE,NULL
MFK,Taiwan,Matsu,FALSE,NULL,FALSE,NULL
RMQ,Taiwan,Taichung,FALSE,NULL,FALSE,NULL
TPE,Taiwan,Taipei,FALSE,NULL,FALSE,NULL
TSA,Taiwan,Taipei,FALSE,NULL,FALSE,NULL
DYU,Tajikistan,Dushanbe,FALSE,NULL,FALSE,NULL
ARK,Tanzania,Arusha,FALSE,NULL,FALSE,NULL
DAR,Tanzania,Dar es Salaam,FALSE,NULL,FALSE,NULL
ZNZ,Tanzania,Zanzibar,FALSE,NULL,FALSE,NULL
BFV,Thailand,Buri Ram,FALSE,NULL,FALSE,NULL
BKK,Thailand,Bangkok,FALSE,NULL,FALSE,NULL
CEI,Thailand,Chiang Rai,FALSE,NULL,FALSE,NULL
CNX,Thailand,Chiang Mai,FALSE,NULL,FALSE,NULL
HDY,Thailand,Hat Yai,FALSE,NULL,FALSE,NULL
HGN,Thailand,Mae Hong Son,FALSE,NULL,FALSE,NULL
HKT,Thailand,Phuket,FALSE,NULL,FALSE,NULL
KBV,Thailand,Krabi,FALSE,NULL,FALSE,NULL
KKC,Thailand,Khon Kaen,FALSE,NULL,FALSE,NULL
NST,Thailand,Nakhon Si Thammarat,FALSE,NULL,FALSE,NULL
PHS,Thailand,Phitsanulok,FALSE,NULL,FALSE,NULL
TDX,Thailand,Trat,FALSE,NULL,FALSE,NULL
THS,Thailand,Sukhothai,FALSE,NULL,FALSE,NULL
TST,Thailand,Trang,FALSE,NULL,FALSE,NULL
UBP,Thailand,Ubon Ratchathani,FALSE,NULL,FALSE,NULL
UNN,Thailand,Ranong,FALSE,NULL,FALSE,NULL
URT,Thailand,Surat Thani,FALSE,NULL,FALSE,NULL
USM,Thailand,Koh Samui,FALSE,NULL,FALSE,NULL
UTH,Thailand,Udon Thani,FALSE,NULL,FALSE,NULL
UTP,Thailand,Utapao,FALSE,NULL,FALSE,NULL
LFW,Togo,Lome,FALSE,NULL,FALSE,NULL
POS,Trinidad and Tobago,Port of Spain,FALSE,NULL,FALSE,NULL
TAB,Trinidad and Tobago,Tobago,FALSE,NULL,FALSE,NULL
DJE,Tunisia,Houmt Souk,FALSE,NULL,FALSE,NULL
MIR,Tunisia,Monastir,FALSE,NULL,FALSE,NULL
TUN,Tunisia,Tunis,FALSE,NULL,FALSE,NULL
ADA,Turkey,Adana,FALSE,NULL,FALSE,NULL
ADB,Turkey,Izmir,FALSE,NULL,FALSE,NULL
ADF,Turkey,Adiyaman,FALSE,NULL,FALSE,NULL
AYT,Turkey,Antalya,FALSE,NULL,FALSE,NULL
DLM,Turkey,Dalaman,FALSE,NULL,FALSE,NULL
ESB,Turkey,Ankara,FALSE,NULL,FALSE,NULL
IST,Turkey,Istanbul,FALSE,NULL,FALSE,NULL
SAW,Turkey,Istanbul,FALSE,NULL,FALSE,NULL
SZF,Turkey,Samsun,FALSE,NULL,FALSE,NULL
PLS,Turks and Caicos Islands,Providenciales Island,FALSE,NULL,FALSE,NULL
STT,U.S. Virgin Islands,"Charlotte Amalie, St. Thomas",FALSE,NULL,FALSE,NULL
STX,U.S. Virgin Islands,"Christiansted, St. Croix",FALSE,NULL,FALSE,NULL
EBB,Uganda,Entebbe,FALSE,NULL,FALSE,NULL
DNK,Ukraine,Dnepropetrovsk,FALSE,NULL,FALSE,NULL
DOK,Ukraine,Donetsk,FALSE,NULL,FALSE,NULL
HRK,Ukraine,Kharkov,FALSE,NULL,FALSE,NULL
KBP,Ukraine,Kiev,FALSE,NULL,FALSE,NULL
MPW,Ukraine,Mariupol,FALSE,NULL,FALSE,NULL
ODS,Ukraine,Odessa,FALSE,NULL,FALSE,NULL
VSG,Ukraine,Lugansk,FALSE,NULL,FALSE,NULL
AUH,United Arab Emirates,Abu Dhabi,FALSE,NULL,FALSE,NULL
DXB,United Arab Emirates,Dubai,FALSE,NULL,FALSE,NULL
SHJ,United Arab Emirates,Sharjah,FALSE,NULL,FALSE,NULL
ABZ,United Kingdom,Aberdeen,FALSE,"Polish,Chinese,Indian",TRUE,USA
BEB,United Kingdom,Benbecula,FALSE,"Polish,Chinese,Indian",TRUE,USA
BFS,United Kingdom,Belfast,FALSE,"Polish,Chinese,Indian",TRUE,USA
BHD,United Kingdom,Belfast,FALSE,"Polish,Chinese,Indian",TRUE,USA
BHX,United Kingdom,Birmingham,FALSE,"Polish,Chinese,Indian",TRUE,USA
BRS,United Kingdom,Bristol,FALSE,"Polish,Chinese,Indian",TRUE,USA
CAL,United Kingdom,Campbeltown,FALSE,"Polish,Chinese,Indian",TRUE,USA
CWL,United Kingdom,Cardiff,FALSE,"Polish,Chinese,Indian",TRUE,USA
DSA,United Kingdom,Doncaster,FALSE,"Polish,Chinese,Indian",TRUE,USA
EDI,United Kingdom,Edinburgh,FALSE,"Polish,Chinese,Indian",TRUE,USA
EMA,United Kingdom,East Midlands,FALSE,"Polish,Chinese,Indian",TRUE,USA
GLA,United Kingdom,Glasgow,FALSE,"Polish,Chinese,Indian",TRUE,USA
HUY,United Kingdom,Humberside,FALSE,"Polish,Chinese,Indian",TRUE,USA
ILY,United Kingdom,Islay Island,FALSE,"Polish,Chinese,Indian",TRUE,USA
INV,United Kingdom,Inverness,FALSE,"Polish,Chinese,Indian",TRUE,USA
KOI,United Kingdom,"Kirkwall, Orkney Islands",FALSE,"Polish,Chinese,Indian",TRUE,USA
LBA,United Kingdom,Leeds,FALSE,"Polish,Chinese,Indian",TRUE,USA
LCY,United Kingdom,London,FALSE,"Polish,Chinese,Indian",TRUE,USA
LDY,United Kingdom,Londonderry,FALSE,"Polish,Chinese,Indian",TRUE,USA
LGW,United Kingdom,London,FALSE,"Polish,Chinese,Indian",TRUE,USA
LHR,United Kingdom,London,FALSE,"Polish,Chinese,Indian",TRUE,USA
LON,United Kingdom,London,FALSE,"Polish,Chinese,Indian",TRUE,USA
LPL,United Kingdom,Liverpool,FALSE,"Polish,Chinese,Indian",TRUE,USA
LSI,United Kingdom,"Lerwick, Shetland Islands",FALSE,"Polish,Chinese,Indian",TRUE,USA
LTN,United Kingdom,Luton,FALSE,"Polish,Chinese,Indian",TRUE,USA
MAN,United Kingdom,Manchester,FALSE,"Polish,Chinese,Indian",TRUE,USA
MME,United Kingdom,Teesside,FALSE,"Polish,Chinese,Indian",TRUE,USA
NCL,United Kingdom,Newcastle,FALSE,"Polish,Chinese,Indian",TRUE,USA
NWI,United Kingdom,Norwich,FALSE,"Polish,Chinese,Indian",TRUE,USA
PIK,United Kingdom,Glasgow,FALSE,"Polish,Chinese,Indian",TRUE,USA
SOU,United Kingdom,Southampton,FALSE,"Polish,Chinese,Indian",TRUE,USA
STN,United Kingdom,London,FALSE,"Polish,Chinese,Indian",TRUE,USA
SYY,United Kingdom,"Stornoway, Isle of Lewis",FALSE,"Polish,Chinese,Indian",TRUE,USA
TRE,United Kingdom,Balephuil,FALSE,"Polish,Chinese,Indian",TRUE,USA
WIC,United Kingdom,Wick,FALSE,"Polish,Chinese,Indian",TRUE,USA
MVD,Uruguay,Montevideo,FALSE,NULL,FALSE,NULL
ABE,USA,"Allentown, PA",FALSE,NULL,FALSE,NULL
ABI,USA,"Abilene, TX",FALSE,NULL,FALSE,NULL
ABQ,USA,"Albuquerque, NM",FALSE,NULL,FALSE,NULL
ABR,USA,"Aberdeen, SD",FALSE,NULL,FALSE,NULL
ABY,USA,"Albany, GA",FALSE,NULL,FALSE,NULL
ACK,USA,"Nantucket, MA",FALSE,NULL,FALSE,NULL
ACT,USA,"Waco, TX",FALSE,NULL,FALSE,NULL
ACV,USA,"Eureka, CA",FALSE,NULL,FALSE,NULL
ACY,USA,"Atlantic City, NJ",FALSE,NULL,FALSE,NULL
ADQ,USA,"Kodiak, AK",FALSE,NULL,FALSE,NULL
AEX,USA,"Alexandria, LA",FALSE,NULL,FALSE,NULL
AGS,USA,"Augusta, GA",FALSE,NULL,FALSE,NULL
AHN,USA,"Athens, GA",FALSE,NULL,FALSE,NULL
AIA,USA,"Alliance, NE",FALSE,NULL,FALSE,NULL
AKN,USA,"King Salmon, AK",FALSE,NULL,FALSE,NULL
ALB,USA,"Albany, NY",FALSE,NULL,FALSE,NULL
ALO,USA,"Waterloo, IA",FALSE,NULL,FALSE,NULL
ALS,USA,"Alamosa, CO",FALSE,NULL,FALSE,NULL
ALW,USA,"Walla Walla, WA",FALSE,NULL,FALSE,NULL
AMA,USA,"Amarillo, TX",FALSE,NULL,FALSE,NULL
ANC,USA,"Anchorage, AK",FALSE,NULL,FALSE,NULL
AOO,USA,"Altoona, PA",FALSE,NULL,FALSE,NULL
APF,USA,"Naples, FL",FALSE,NULL,FALSE,NULL
APN,USA,"Alpena, MI",FALSE,NULL,FALSE,NULL
ART,USA,"Watertown, NY",FALSE,NULL,FALSE,NULL
ASE,USA,"Aspen, CO",FALSE,NULL,FALSE,NULL
ATL,USA,"Atlanta, GA",FALSE,NULL,FALSE,NULL
ATW,USA,"Appleton, WI",FALSE,NULL,FALSE,NULL
ATY,USA,"Watertown, SD",FALSE,NULL,FALSE,NULL
AUG,USA,"Augusta, ME",FALSE,NULL,FALSE,NULL
AUS,USA,"Austin, TX",FALSE,NULL,FALSE,NULL
AVL,USA,"Asheville, NC",FALSE,NULL,FALSE,NULL
AVP,USA,"Wilkes-Barre, PA",FALSE,NULL,FALSE,NULL
AZO,USA,"Kalamazoo, MI",FALSE,NULL,FALSE,NULL
BBF,USA,"Burlington, MA",FALSE,NULL,FALSE,NULL
BDL,USA,"Hartford, CT",FALSE,NULL,FALSE,NULL
BED,USA,"Bedford, MA",FALSE,NULL,FALSE,NULL
BET,USA,"Bethel, AK",FALSE,NULL,FALSE,NULL
BFF,USA,"Scottsbluff, NE",FALSE,NULL,FALSE,NULL
BFL,USA,"Bakersfield, CA",FALSE,NULL,FALSE,NULL
BGM,USA,"Binghamton, NY",FALSE,NULL,FALSE,NULL
BGR,USA,"Bangor, ME",FALSE,NULL,FALSE,NULL
BHB,USA,"Bar Harbor, ME",FALSE,NULL,FALSE,NULL
BHM,USA,"Birmingham, AL",FALSE,NULL,FALSE,NULL
Big,USA,"Hilo, Hawaii",FALSE,NULL,FALSE,NULL
BIL,USA,"Billings, MT",FALSE,NULL,FALSE,NULL
BIS,USA,"Bismarck, ND",FALSE,NULL,FALSE,NULL
BJI,USA,"Bemidji, MN",FALSE,NULL,FALSE,NULL
BKW,USA,"Beckley, WV",FALSE,NULL,FALSE,NULL
BKX,USA,"Brookings, SD",FALSE,NULL,FALSE,NULL
BLF,USA,"Bluefield, WV",FALSE,NULL,FALSE,NULL
BLI,USA,"Bellingham, WA",FALSE,NULL,FALSE,NULL
BMG,USA,"Bloomington, IN",FALSE,NULL,FALSE,NULL
BMI,USA,"Bloomington, IL",FALSE,NULL,FALSE,NULL
BNA,USA,"Nashville, TN",FALSE,NULL,FALSE,NULL
BOI,USA,"Boise, ID",FALSE,NULL,FALSE,NULL
BOS,USA,"Boston, MA",FALSE,NULL,FALSE,NULL
BPT,USA,"Beaumont, TX",FALSE,NULL,FALSE,NULL
BQK,USA,"Brunswick, GA",FALSE,NULL,FALSE,NULL
BRL,USA,"Burlington, IA",FALSE,NULL,FALSE,NULL
BRO,USA,"Brownsville, TX",FALSE,NULL,FALSE,NULL
BRW,USA,"Barrow, AK",FALSE,NULL,FALSE,NULL
BTM,USA,"Butte, MT",FALSE,NULL,FALSE,NULL
BTR,USA,"Baton Rouge, LA",FALSE,NULL,FALSE,NULL
BTT,USA,"Bettles, AK",FALSE,NULL,FALSE,NULL
BTV,USA,"Burlington, VT",FALSE,NULL,FALSE,NULL
BUF,USA,"Buffalo, NY",FALSE,NULL,FALSE,NULL
BUR,USA,"Burbank, CA",FALSE,NULL,FALSE,NULL
BWI,USA,"Baltimore, MD",FALSE,NULL,FALSE,NULL
BZN,USA,"Bozeman, MT",FALSE,NULL,FALSE,NULL
CAE,USA,"Columbia, SC",FALSE,NULL,FALSE,NULL
CAK,USA,"Akron, OH",FALSE,NULL,FALSE,NULL
CDV,USA,"Cordova, AK",FALSE,NULL,FALSE,NULL
CEF,USA,"Springfield, MA",FALSE,NULL,FALSE,NULL
CGI,USA,"Cape Girardeau, MO",FALSE,NULL,FALSE,NULL
CHA,USA,"Chattanooga, TN",FALSE,NULL,FALSE,NULL
CHI,USA,"Chicago, IL",FALSE,NULL,FALSE,NULL
CHO,USA,"Charlottesville, VA",FALSE,NULL,FALSE,NULL
CHS,USA,"Charleston, SC",FALSE,NULL,FALSE,NULL
CIC,USA,"Chico, CA",FALSE,NULL,FALSE,NULL
CID,USA,"Cedar Rapids, IA",FALSE,NULL,FALSE,NULL
CIU,USA,"Sault Ste. Marie, MI",FALSE,NULL,FALSE,NULL
CKB,USA,"Clarksburg, WV",FALSE,NULL,FALSE,NULL
CLD,USA,"Carlsbad, CA",FALSE,NULL,FALSE,NULL
CLE,USA,"Cleveland, OH",FALSE,NULL,FALSE,NULL
CLL,USA,"College Station, TX",FALSE,NULL,FALSE,NULL
CLT,USA,"Charlotte, NC",FALSE,NULL,FALSE,NULL
CLU,USA,"Columbus, IN",FALSE,NULL,FALSE,NULL
CMH,USA,"Columbus, OH",FALSE,NULL,FALSE,NULL
CMI,USA,"Champaign, IL",FALSE,NULL,FALSE,NULL
CMX,USA,"Hancock, MI",FALSE,NULL,FALSE,NULL
CNM,USA,"Carlsbad, NM",FALSE,NULL,FALSE,NULL
COD,USA,"Cody, WY",FALSE,NULL,FALSE,NULL
COS,USA,"Colorado Springs, CO",FALSE,NULL,FALSE,NULL
COU,USA,"Columbia, MO",FALSE,NULL,FALSE,NULL
CPR,USA,"Casper, WY",FALSE,NULL,FALSE,NULL
CRP,USA,"Corpus Christi, TX",FALSE,NULL,FALSE,NULL
CRW,USA,"Charleston, WV",FALSE,NULL,FALSE,NULL
CSG,USA,"Columbus, GA",FALSE,NULL,FALSE,NULL
CVG,USA,"Cincinnati, OH",FALSE,NULL,FALSE,NULL
CVN,USA,"Clovis, NM",FALSE,NULL,FALSE,NULL
CWA,USA,"Wausau, WI",FALSE,NULL,FALSE,NULL
CYS,USA,"Cheyenne, WY",FALSE,NULL,FALSE,NULL
DAB,USA,"Daytona Beach, FL",FALSE,NULL,FALSE,NULL
DAL,USA,"Dallas, TX",FALSE,NULL,FALSE,NULL
DAY,USA,"Dayton, OH",FALSE,NULL,FALSE,NULL
DBQ,USA,"Dubuque, IA",FALSE,NULL,FALSE,NULL
DCA,USA,Washington DC,FALSE,NULL,FALSE,NULL
DDC,USA,"Dodge City, KS",FALSE,NULL,FALSE,NULL
DEC,USA,"Decatur, IL",FALSE,NULL,FALSE,NULL
DEN,USA,"Denver, CO",FALSE,NULL,FALSE,NULL
DFW,USA,"Dallas, TX",FALSE,NULL,FALSE,NULL
DHN,USA,"Dothan, AL",FALSE,NULL,FALSE,NULL
DIK,USA,"Dickinson, ND",FALSE,NULL,FALSE,NULL
DLG,USA,"Dillingham, AK",FALSE,NULL,FALSE,NULL
DLH,USA,"Duluth, MN",FALSE,NULL,FALSE,NULL
DRO,USA,"Durango, CO",FALSE,NULL,FALSE,NULL
DSM,USA,"Des Moines, IA",FALSE,NULL,FALSE,NULL
DTT,USA,"Detroit, MI",FALSE,NULL,FALSE,NULL
DTW,USA,"Detroit, MI",FALSE,NULL,FALSE,NULL
DUJ,USA,"Du Bois, PA",FALSE,NULL,FALSE,NULL
DUT,USA,"Dutch Harbor, Un Island, AK",FALSE,NULL,FALSE,NULL
DVL,USA,"Devils Lake, ND",FALSE,NULL,FALSE,NULL
EAR,USA,"Kearney, NE",FALSE,NULL,FALSE,NULL
EAT,USA,"Wenatchee, WA",FALSE,NULL,FALSE,NULL
EAU,USA,"Eau Claire, WI",FALSE,NULL,FALSE,NULL
EEK,USA,"Eek, AK",FALSE,NULL,FALSE,NULL
EFD,USA,"Houston, TX",FALSE,NULL,FALSE,NULL
EGE,USA,"Vail, CO",FALSE,NULL,FALSE,NULL
EKO,USA,"Elko, NV",FALSE,NULL,FALSE,NULL
ELD,USA,"El Dorado, AR",FALSE,NULL,FALSE,NULL
ELM,USA,"Elmira, NY",FALSE,NULL,FALSE,NULL
ELP,USA,"El Paso, TX",FALSE,NULL,FALSE,NULL
ENA,USA,"Kenai, AK",FALSE,NULL,FALSE,NULL
ERI,USA,"Erie, PA",FALSE,NULL,FALSE,NULL
ESC,USA,"Escanaba, MI",FALSE,NULL,FALSE,NULL
EUG,USA,"Eugene, OR",FALSE,NULL,FALSE,NULL
EVV,USA,"Evansville, IN",FALSE,NULL,FALSE,NULL
EWN,USA,"New Bern, NC",FALSE,NULL,FALSE,NULL
EWR,USA,"Newark, NJ",FALSE,NULL,FALSE,NULL
EYW,USA,"Key West, FL",FALSE,NULL,FALSE,NULL
FAI,USA,"Fairbanks, AK",FALSE,NULL,FALSE,NULL
FAR,USA,"Fargo, ND",FALSE,NULL,FALSE,NULL
FAT,USA,"Fresno, CA",FALSE,NULL,FALSE,NULL
FAY,USA,"Fayetteville, NC",FALSE,NULL,FALSE,NULL
FCA,USA,"Kalispell, MT",FALSE,NULL,FALSE,NULL
FLG,USA,"Flagstaff, AZ",FALSE,NULL,FALSE,NULL
FLL,USA,"Fort Lauderdale, FL",FALSE,NULL,FALSE,NULL
FLO,USA,"Florence, SC",FALSE,NULL,FALSE,NULL
FMN,USA,"Farmington, NM",FALSE,NULL,FALSE,NULL
FNT,USA,"Flint, MI",FALSE,NULL,FALSE,NULL
FOD,USA,"Fort Dodge, IA",FALSE,NULL,FALSE,NULL
FSD,USA,"Sioux Falls, SD",FALSE,NULL,FALSE,NULL
FSM,USA,"Fort Smith, AR",FALSE,NULL,FALSE,NULL
FWA,USA,"Fort Wayne, IN",FALSE,NULL,FALSE,NULL
FYU,USA,"Fort Yukon, AK",FALSE,NULL,FALSE,NULL
GBD,USA,"Great Bend, KS",FALSE,NULL,FALSE,NULL
GCC,USA,"Gillette, WY",FALSE,NULL,FALSE,NULL
GCK,USA,"Garden City, KS",FALSE,NULL,FALSE,NULL
GDV,USA,"Glendive, MT",FALSE,NULL,FALSE,NULL
GEG,USA,"Spokane, WA",FALSE,NULL,FALSE,NULL
GFK,USA,"Grand Forks, ND",FALSE,NULL,FALSE,NULL
GGG,USA,"Longview, TX",FALSE,NULL,FALSE,NULL
GJT,USA,"Grand Junction, CO",FALSE,NULL,FALSE,NULL
GLH,USA,"Greenville, MS",FALSE,NULL,FALSE,NULL
GNV,USA,"Gainesville, FL",FALSE,NULL,FALSE,NULL
GPT,USA,"Gulfport, MS",FALSE,NULL,FALSE,NULL
GRB,USA,"Green Bay, WI",FALSE,NULL,FALSE,NULL
GRI,USA,"Grand Island, NE",FALSE,NULL,FALSE,NULL
GRK,USA,"Killeen, TX",FALSE,NULL,FALSE,NULL
GRR,USA,"Grand Rapids, MI",FALSE,NULL,FALSE,NULL
GSO,USA,"Greensboro, NC",FALSE,NULL,FALSE,NULL
GSP,USA,"Greenville, SC",FALSE,NULL,FALSE,NULL
GTF,USA,"Great Falls, MT",FALSE,NULL,FALSE,NULL
GTR,USA,"Columbus, MS",FALSE,NULL,FALSE,NULL
GUC,USA,"Gunnison, CO",FALSE,NULL,FALSE,NULL
HGR,USA,"Hagerstown, MD",FALSE,NULL,FALSE,NULL
HHH,USA,"Hilton Head Island, SC",FALSE,NULL,FALSE,NULL
HIB,USA,"Hibbing, MN",FALSE,NULL,FALSE,NULL
HII,USA,"Lake Havasu City, AZ",FALSE,NULL,FALSE,NULL
HLN,USA,"Helena, MT",FALSE,NULL,FALSE,NULL
HNL,USA,"Honolulu, Oahu, HI",FALSE,NULL,FALSE,NULL
HNM,USA,"Hana, Maui, HI",FALSE,NULL,FALSE,NULL
HOB,USA,"Hobbs, NM",FALSE,NULL,FALSE,NULL
HOM,USA,"Homer, AK",FALSE,NULL,FALSE,NULL
HON,USA,"Huron, SD",FALSE,NULL,FALSE,NULL
HOT,USA,"Hot Springs, AR",FALSE,NULL,FALSE,NULL
HOU,USA,"Houston, TX",FALSE,NULL,FALSE,NULL
HPN,USA,"White Plains, NY",FALSE,NULL,FALSE,NULL
HRL,USA,"Harlingen, TX",FALSE,NULL,FALSE,NULL
HRO,USA,"Harrison, AR",FALSE,NULL,FALSE,NULL
HSV,USA,"Huntsville, AL",FALSE,NULL,FALSE,NULL
HTS,USA,"Huntington, WV",FALSE,NULL,FALSE,NULL
HVN,USA,"New Haven, CT",FALSE,NULL,FALSE,NULL
HVR,USA,"Havre, MT",FALSE,NULL,FALSE,NULL
HYA,USA,"Hyannis, MA",FALSE,NULL,FALSE,NULL
HYS,USA,"Hays, KS",FALSE,NULL,FALSE,NULL
IAD,USA,Washington DC,FALSE,NULL,FALSE,NULL
IAH,USA,"Houston, TX",FALSE,NULL,FALSE,NULL
ICT,USA,"Wichita, KS",FALSE,NULL,FALSE,NULL
IDA,USA,"Idaho Falls, ID",FALSE,NULL,FALSE,NULL
IGM,USA,"Kingman, AZ",FALSE,NULL,FALSE,NULL
ILG,USA,"Wilmington, DE",FALSE,NULL,FALSE,NULL
ILM,USA,"Wilmington, NC",FALSE,NULL,FALSE,NULL
IMT,USA,"Iron Mountain, MI",FALSE,NULL,FALSE,NULL
IND,USA,"Indianapolis, IN",FALSE,NULL,FALSE,NULL
INL,USA,"International Falls, MN",FALSE,NULL,FALSE,NULL
IPL,USA,"El Centro, CA",FALSE,NULL,FALSE,NULL
IPT,USA,"Williamsport, PA",FALSE,NULL,FALSE,NULL
IRK,USA,"Kirksville, MO",FALSE,NULL,FALSE,NULL
ISN,USA,"Williston, ND",FALSE,NULL,FALSE,NULL
ISP,USA,"Islip, NY",FALSE,NULL,FALSE,NULL
ITH,USA,"Ithaca, NY",FALSE,NULL,FALSE,NULL
IWD,USA,"Ironwood, MI",FALSE,NULL,FALSE,NULL
IYK,USA,"Inyokern, CA",FALSE,NULL,FALSE,NULL
JAC,USA,"Jackson Hole, WY",FALSE,NULL,FALSE,NULL
JAN,USA,"Jackson, MS",FALSE,NULL,FALSE,NULL
JAX,USA,"Jacksonville, FL",FALSE,NULL,FALSE,NULL
JBR,USA,"Jonesboro, AR",FALSE,NULL,FALSE,NULL
JFK,USA,"New York, NY",FALSE,NULL,FALSE,NULL
JHM,USA,"Kapalua, Maui, HI",FALSE,NULL,FALSE,NULL
JHW,USA,"Jamestown, NY",FALSE,NULL,FALSE,NULL
JLN,USA,"Joplin, MO",FALSE,NULL,FALSE,NULL
JMS,USA,"Jamestown, ND",FALSE,NULL,FALSE,NULL
JNU,USA,"Juneau, AK",FALSE,NULL,FALSE,NULL
JST,USA,"Johnstown, PA",FALSE,NULL,FALSE,NULL
KOA,USA,"Kailua-Kona, HI",FALSE,NULL,FALSE,NULL
KTN,USA,"Ketchikan, AK",FALSE,NULL,FALSE,NULL
LAN,USA,"Lansing, MI",FALSE,NULL,FALSE,NULL
LAR,USA,"Laramie, WY",FALSE,NULL,FALSE,NULL
LAS,USA,"Las Vegas, NV",FALSE,NULL,FALSE,NULL
LAW,USA,"Lawton, OK",FALSE,NULL,FALSE,NULL
LAX,USA,"Los Angeles, CA",FALSE,NULL,FALSE,NULL
LBB,USA,"Lubbock, TX",FALSE,NULL,FALSE,NULL
LBE,USA,"Latrobe, PA",FALSE,NULL,FALSE,NULL
LBF,USA,"North Platte, NE",FALSE,NULL,FALSE,NULL
LBL,USA,"Liberal, KS",FALSE,NULL,FALSE,NULL
LCH,USA,"Lake Charles, LA",FALSE,NULL,FALSE,NULL
LEB,USA,"Lebanon, NH",FALSE,NULL,FALSE,NULL
LEW,USA,"Lewiston, ME",FALSE,NULL,FALSE,NULL
LEX,USA,"Lexington, KY",FALSE,NULL,FALSE,NULL
LFT,USA,"Lafayette, LA",FALSE,NULL,FALSE,NULL
LGA,USA,"New York, NY",FALSE,NULL,FALSE,NULL
LGB,USA,"Long Beach, CA",FALSE,NULL,FALSE,NULL
LIH,USA,"Lihue, Kauai, HI",FALSE,NULL,FALSE,NULL
LIT,USA,"Little Rock, AR",FALSE,NULL,FALSE,NULL
LMT,USA,"Klamath Falls, OR",FALSE,NULL,FALSE,NULL
LNK,USA,"Lincoln, NE",FALSE,NULL,FALSE,NULL
LNS,USA,"Lancaster, PA",FALSE,NULL,FALSE,NULL
LNY,USA,"Lanai City, Lanai, HI",FALSE,NULL,FALSE,NULL
LRD,USA,"Laredo, TX",FALSE,NULL,FALSE,NULL
LRU,USA,"Las Cruces, NM",FALSE,NULL,FALSE,NULL
LSE,USA,"La Crosse, WI",FALSE,NULL,FALSE,NULL
LUP,USA,"Kalaupapa, Molokai, HI",FALSE,NULL,FALSE,NULL
LWB,USA,"Greenbrier, WV",FALSE,NULL,FALSE,NULL
LWS,USA,"Lewiston, ID",FALSE,NULL,FALSE,NULL
LWT,USA,"Lewistown, MT",FALSE,NULL,FALSE,NULL
LYH,USA,"Lynchburg, VA",FALSE,NULL,FALSE,NULL
MAF,USA,"Midland, TX",FALSE,NULL,FALSE,NULL
MBL,USA,"Manistee, MI",FALSE,NULL,FALSE,NULL
MBS,USA,"Saginaw, MI",FALSE,NULL,FALSE,NULL
MCI,USA,"Kansas City, MO",FALSE,NULL,FALSE,NULL
MCK,USA,"McCook, NE",FALSE,NULL,FALSE,NULL
MCN,USA,"Macon, GA",FALSE,NULL,FALSE,NULL
MCO,USA,"Orlando, FL",FALSE,NULL,FALSE,NULL
MCW,USA,"Mason City, IA",FALSE,NULL,FALSE,NULL
MDT,USA,"Harrisburg, PA",FALSE,NULL,FALSE,NULL
MDW,USA,"Chicago, IL",FALSE,NULL,FALSE,NULL
MEI,USA,"Meridian, MS",FALSE,NULL,FALSE,NULL
MEM,USA,"Memphis, TN",FALSE,NULL,FALSE,NULL
MFE,USA,"McAllen, TX",FALSE,NULL,FALSE,NULL
MFR,USA,"Medford, OR",FALSE,NULL,FALSE,NULL
MGM,USA,"Montgomery, AL",FALSE,NULL,FALSE,NULL
MGW,USA,"Morgantown, WV",FALSE,NULL,FALSE,NULL
MHK,USA,"Manhattan, KS",FALSE,NULL,FALSE,NULL
MHT,USA,"Manchester, NH",FALSE,NULL,FALSE,NULL
MIA,USA,"Miami, FL",FALSE,NULL,FALSE,NULL
MKE,USA,"Milwaukee, WI",FALSE,NULL,FALSE,NULL
MKG,USA,"Muskegon, MI",FALSE,NULL,FALSE,NULL
MKK,USA,"Hoolehua, Molokai, HI",FALSE,NULL,FALSE,NULL
MKL,USA,"Jackson, TN",FALSE,NULL,FALSE,NULL
MLB,USA,"Melbourne, FL",FALSE,NULL,FALSE,NULL
MLI,USA,"Moline, IL",FALSE,NULL,FALSE,NULL
MLS,USA,"Miles City, MT",FALSE,NULL,FALSE,NULL
MLU,USA,"Monroe, LA",FALSE,NULL,FALSE,NULL
MOB,USA,"Mobile, AL",FALSE,NULL,FALSE,NULL
MOD,USA,"Modesto, CA",FALSE,NULL,FALSE,NULL
MOT,USA,"Minot, ND",FALSE,NULL,FALSE,NULL
MQT,USA,"Marquette, MI",FALSE,NULL,FALSE,NULL
MRY,USA,"Monterey, CA",FALSE,NULL,FALSE,NULL
MSL,USA,"Muscle Shoals, AL",FALSE,NULL,FALSE,NULL
MSN,USA,"Madison, WI",FALSE,NULL,FALSE,NULL
MSO,USA,"Missoula, MT",FALSE,NULL,FALSE,NULL
MSP,USA,"Minneapolis, MN",FALSE,NULL,FALSE,NULL
MSS,USA,"Massena, NY",FALSE,NULL,FALSE,NULL
MSY,USA,"New Orleans, LA",FALSE,NULL,FALSE,NULL
MTJ,USA,"Montrose, CO",FALSE,NULL,FALSE,NULL
MVY,USA,"Martha's Vineyard, MA",FALSE,NULL,FALSE,NULL
MWA,USA,"Marion, IL",FALSE,NULL,FALSE,NULL
MWH,USA,"Moses Lake, WA",FALSE,NULL,FALSE,NULL
MYR,USA,"Myrtle Beach, SC",FALSE,NULL,FALSE,NULL
NYC,USA,"New York, NY",FALSE,NULL,FALSE,NULL
OAJ,USA,"Jacksonville, NC",FALSE,NULL,FALSE,NULL
OAK,USA,"Oakland, CA",FALSE,NULL,FALSE,NULL
OGG,USA,"Kahului, Maui, HI",FALSE,NULL,FALSE,NULL
OGS,USA,"Ogdensburg, NY",FALSE,NULL,FALSE,NULL
OKC,USA,"Oklahoma City, OK",FALSE,NULL,FALSE,NULL
OLF,USA,"Wolf Point, MT",FALSE,NULL,FALSE,NULL
OLU,USA,"Columbus, NE",FALSE,NULL,FALSE,NULL
OMA,USA,"Omaha, NE",FALSE,NULL,FALSE,NULL
OME,USA,"Nome, AK",FALSE,NULL,FALSE,NULL
ONT,USA,"Ontario, CA",FALSE,NULL,FALSE,NULL
OOK,USA,"Toksook Bay, AK",FALSE,NULL,FALSE,NULL
ORD,USA,"Chicago, IL",FALSE,NULL,FALSE,NULL
ORF,USA,"Norfolk, VA",FALSE,NULL,FALSE,NULL
OSH,USA,"Oshkosh, WI",FALSE,NULL,FALSE,NULL
OTH,USA,"North Bend, OR",FALSE,NULL,FALSE,NULL
OWB,USA,"Owensboro, KY",FALSE,NULL,FALSE,NULL
OXR,USA,"Oxnard, CA",FALSE,NULL,FALSE,NULL
PAH,USA,"Paducah, KY",FALSE,NULL,FALSE,NULL
PBI,USA,"West Palm Beach, FL",FALSE,NULL,FALSE,NULL
PDT,USA,"Pendleton, OR",FALSE,NULL,FALSE,NULL
PDX,USA,"Portland, OR",FALSE,NULL,FALSE,NULL
PFN,USA,"Panama City, FL",FALSE,NULL,FALSE,NULL
PGA,USA,"Page, AZ",FALSE,NULL,FALSE,NULL
PGV,USA,"Greenville, NC",FALSE,NULL,FALSE,NULL
PHF,USA,"Newport News, VA",FALSE,NULL,FALSE,NULL
PHL,USA,"Philadelphia, PA",FALSE,NULL,FALSE,NULL
PHX,USA,"Phoenix, AZ",FALSE,NULL,FALSE,NULL
PIA,USA,"Peoria, IL",FALSE,NULL,FALSE,NULL
PIB,USA,"Laurel, MS",FALSE,NULL,FALSE,NULL
PIE,USA,"St. Petersburg, FL",FALSE,NULL,FALSE,NULL
PIH,USA,"Pocatello, ID",FALSE,NULL,FALSE,NULL
PIR,USA,"Pierre, SD",FALSE,NULL,FALSE,NULL
PIT,USA,"Pittsburgh, PA",FALSE,NULL,FALSE,NULL
PKB,USA,"Parkersburg, WV",FALSE,NULL,FALSE,NULL
PLB,USA,"Plattsburgh, NY",FALSE,NULL,FALSE,NULL
PLN,USA,"Pellston, MI",FALSE,NULL,FALSE,NULL
PNC,USA,"Ponca City, OK",FALSE,NULL,FALSE,NULL
PNS,USA,"Pensacola, FL",FALSE,NULL,FALSE,NULL
PQI,USA,"Presque Isle, ME",FALSE,NULL,FALSE,NULL
PRC,USA,"Prescott, AZ",FALSE,NULL,FALSE,NULL
PSC,USA,"Pasco, WA",FALSE,NULL,FALSE,NULL
PSM,USA,"Portsmouth, NH",FALSE,NULL,FALSE,NULL
PSP,USA,"Palm Springs, CA",FALSE,NULL,FALSE,NULL
PUB,USA,"Pueblo, CO",FALSE,NULL,FALSE,NULL
PUW,USA,"Pullman, WA",FALSE,NULL,FALSE,NULL
PVC,USA,"Provincetown, MA",FALSE,NULL,FALSE,NULL
PVD,USA,"Providence, RI",FALSE,NULL,FALSE,NULL
PWM,USA,"Portland, ME",FALSE,NULL,FALSE,NULL
QLA,USA,"Los Angeles, CA",FALSE,NULL,FALSE,NULL
QSF,USA,"San Francisco, CA",FALSE,NULL,FALSE,NULL
RAP,USA,"Rapid City, SD",FALSE,NULL,FALSE,NULL
RDD,USA,"Redding, CA",FALSE,NULL,FALSE,NULL
RDM,USA,"Redmond, OR",FALSE,NULL,FALSE,NULL
RDU,USA,"Raleigh, NC",FALSE,NULL,FALSE,NULL
RFD,USA,"Rockford, IL",FALSE,NULL,FALSE,NULL
RHI,USA,"Rhinelander, WI",FALSE,NULL,FALSE,NULL
RIC,USA,"Richmond, VA",FALSE,NULL,FALSE,NULL
RIW,USA,"Riverton, WY",FALSE,NULL,FALSE,NULL
RKD,USA,"Rockland, ME",FALSE,NULL,FALSE,NULL
RKS,USA,"Rock Springs, WY",FALSE,NULL,FALSE,NULL
RNO,USA,"Reno, NV",FALSE,NULL,FALSE,NULL
ROA,USA,"Roanoke, VA",FALSE,NULL,FALSE,NULL
ROC,USA,"Rochester, NY",FALSE,NULL,FALSE,NULL
ROW,USA,"Roswell, NM",FALSE,NULL,FALSE,NULL
RST,USA,"Rochester, MN",FALSE,NULL,FALSE,NULL
RSW,USA,"Fort Myers, FL",FALSE,NULL,FALSE,NULL
RUT,USA,"Rutland, VT",FALSE,NULL,FALSE,NULL
SAF,USA,"Santa Fe, NM",FALSE,NULL,FALSE,NULL
SAN,USA,"San Diego, CA",FALSE,NULL,FALSE,NULL
SAT,USA,"San Antonio, TX",FALSE,NULL,FALSE,NULL
SAV,USA,"Savannah, GA",FALSE,NULL,FALSE,NULL
SBA,USA,"Santa Barbara, CA",FALSE,NULL,FALSE,NULL
SBN,USA,"South Bend, IN",FALSE,NULL,FALSE,NULL
SBP,USA,"San Luis Obispo, CA",FALSE,NULL,FALSE,NULL
SBS,USA,"Steamboat Springs, CO",FALSE,NULL,FALSE,NULL
SBY,USA,"Salisbury, MD",FALSE,NULL,FALSE,NULL
SCE,USA,"State College, PA",FALSE,NULL,FALSE,NULL
SDF,USA,"Louisville, KY, USA",FALSE,NULL,FALSE,NULL
SDP,USA,"Sand Point, AK",FALSE,NULL,FALSE,NULL
SDY,USA,"Sidney, MT",FALSE,NULL,FALSE,NULL
SEA,USA,"Seattle, WA",FALSE,NULL,FALSE,NULL
SFO,USA,"San Francisco, CA",FALSE,NULL,FALSE,NULL
SGF,USA,"Springfield, MO",FALSE,NULL,FALSE,NULL
SGU,USA,"St. George, UT",FALSE,NULL,FALSE,NULL
SGY,USA,"Skagway, AK",FALSE,NULL,FALSE,NULL
SHD,USA,"Shenandoah Valley Airport, VA",FALSE,NULL,FALSE,NULL
SHR,USA,"Sheridan, WY",FALSE,NULL,FALSE,NULL
SHV,USA,"Shreveport, LA",FALSE,NULL,FALSE,NULL
SIT,USA,"Sitka, AK",FALSE,NULL,FALSE,NULL
SJC,USA,"San Jose, CA",FALSE,NULL,FALSE,NULL
SJT,USA,"San Angelo, TX",FALSE,NULL,FALSE,NULL
SLC,USA,"Salt Lake City, UT",FALSE,NULL,FALSE,NULL
SLK,USA,"Saranac Lake, NY",FALSE,NULL,FALSE,NULL
SLN,USA,"Salina, KS",FALSE,NULL,FALSE,NULL
SMF,USA,"Sacramento, CA",FALSE,NULL,FALSE,NULL
SMX,USA,"Santa Maria, CA",FALSE,NULL,FALSE,NULL
SNA,USA,"Orange County, CA",FALSE,NULL,FALSE,NULL
SOP,USA,"Pinehurst, NC",FALSE,NULL,FALSE,NULL
SPI,USA,"Springfield, IL",FALSE,NULL,FALSE,NULL
SPS,USA,"Wichita Falls, TX",FALSE,NULL,FALSE,NULL
SRQ,USA,"Sarasota, FL",FALSE,NULL,FALSE,NULL
STC,USA,"St. Cloud, MN",FALSE,NULL,FALSE,NULL
STL,USA,"St. Louis, MO",FALSE,NULL,FALSE,NULL
STS,USA,"Santa Rosa, CA",FALSE,NULL,FALSE,NULL
SUN,USA,"Sun Valley, ID",FALSE,NULL,FALSE,NULL
SUX,USA,"Sioux City, IA",FALSE,NULL,FALSE,NULL
SVC,USA,"Silver City, NM",FALSE,NULL,FALSE,NULL
SWF,USA,"Newburgh, NY",FALSE,NULL,FALSE,NULL
SYR,USA,"Syracuse, NY",FALSE,NULL,FALSE,NULL
TBN,USA,"Fort Leonard Wood, MO",FALSE,NULL,FALSE,NULL
TEX,USA,"Telluride, CO",FALSE,NULL,FALSE,NULL
TLH,USA,"Tallahassee, FL",FALSE,NULL,FALSE,NULL
TOL,USA,"Toledo, OH",FALSE,NULL,FALSE,NULL
TOP,USA,"Topeka, KS",FALSE,NULL,FALSE,NULL
TPA,USA,"Tampa, FL",FALSE,NULL,FALSE,NULL
TRI,USA,"Tri-City Airport, TN",FALSE,NULL,FALSE,NULL
TTN,USA,"Trenton, NJ",FALSE,NULL,FALSE,NULL
TUL,USA,"Tulsa, OK",FALSE,NULL,FALSE,NULL
TUP,USA,"Tupelo, MS",FALSE,NULL,FALSE,NULL
TUS,USA,"Tucson, AZ",FALSE,NULL,FALSE,NULL
TVC,USA,"Traverse City, MI",FALSE,NULL,FALSE,NULL
TVF,USA,"Thief River Falls, MN",FALSE,NULL,FALSE,NULL
TWF,USA,"Twin Falls, ID",FALSE,NULL,FALSE,NULL
TXK,USA,"Texarkana, AR",FALSE,NULL,FALSE,NULL
TYR,USA,"Tyler, TX",FALSE,NULL,FALSE,NULL
TYS,USA,"Knoxville, TN",FALSE,NULL,FALSE,NULL
UIN,USA,"Quincy, IL",FALSE,NULL,FALSE,NULL
UNK,USA,"Unalakleet, AK",FALSE,NULL,FALSE,NULL
VCT,USA,"Victoria, TX",FALSE,NULL,FALSE,NULL
VDZ,USA,"Valdez, AK",FALSE,NULL,FALSE,NULL
VIS,USA,"Visalia, CA",FALSE,NULL,FALSE,NULL
VLD,USA,"Valdosta, GA",FALSE,NULL,FALSE,NULL
VPS,USA,"Fort Walton Beach, FL",FALSE,NULL,FALSE,NULL
VSF,USA,"Springfield, VT",FALSE,NULL,FALSE,NULL
WAS,USA,Washington DC,FALSE,NULL,FALSE,NULL
WDG,USA,"Enid, OK",FALSE,NULL,FALSE,NULL
WRG,USA,"Wrangell, AK",FALSE,NULL,FALSE,NULL
WRL,USA,"Worland, WY",FALSE,NULL,FALSE,NULL
WYS,USA,"West Yellowstone, MT",FALSE,NULL,FALSE,NULL
XNA,USA,"Fayetteville, AR",FALSE,NULL,FALSE,NULL
YAK,USA,"Yakutat, AK",FALSE,NULL,FALSE,NULL
YKM,USA,"Yakima, WA",FALSE,NULL,FALSE,NULL
YUM,USA,"Yuma, AZ",FALSE,NULL,FALSE,NULL
TAS,Uzbekistan,Tashkent,FALSE,NULL,FALSE,NULL
TMJ,Uzbekistan,Termez,FALSE,NULL,FALSE,NULL
VLI,Vanuatu,"Port Vila, Efate Island",FALSE,NULL,FALSE,NULL
CBL,Venezuela,Ciudad Bolivar,FALSE,NULL,FALSE,NULL
CCS,Venezuela,Caracas,FALSE,NULL,FALSE,NULL
MAR,Venezuela,Maracaibo,FALSE,NULL,FALSE,NULL
BMV,Vietnam,Ban Me Thuot,FALSE,NULL,FALSE,NULL
DAD,Vietnam,Da Nang,FALSE,NULL,FALSE,NULL
DIN,Vietnam,Dien-Bien-Phu,FALSE,NULL,FALSE,NULL
HAN,Vietnam,Hanoi,FALSE,NULL,FALSE,NULL
HUI,Vietnam,Hue,FALSE,NULL,FALSE,NULL
PXU,Vietnam,Pleiku,FALSE,NULL,FALSE,NULL
SGN,Vietnam,Ho Chi Minh City (Saigon),FALSE,NULL,FALSE,NULL
VII,Vietnam,Vinh City,FALSE,NULL,FALSE,NULL
VKG,Vietnam,Rach Gia,FALSE,NULL,FALSE,NULL
ADE,Yemen,Aden,FALSE,NULL,FALSE,NULL
SAH,Yemen,Sanaa,FALSE,NULL,FALSE,NULL
FBM,Zaire,Lubumbashi,FALSE,NULL,FALSE,NULL
FIH,Zaire,Kinshasa,FALSE,NULL,FALSE,NULL
FKI,Zaire,Kisangani,FALSE,NULL,FALSE,NULL
LUN,Zambia,Lusaka,FALSE,NULL,FALSE,NULL
BUQ,Zimbabwe,Bulawayo,FALSE,NULL,FALSE,NULL
HRE,Zimbabwe,Harare,FALSE,NULL,FALSE,NULL
